2,malonesabrina,Jeffrey Sullivan,M,"2881 Callahan Ridges North Megan, NC 78834",1992-09-15,47533
3,jeremycarter,Kevin Gordon,M,Unit 5573 Box 1140 DPO AP 35931,2005-08-29,20911
4,quinnjohn,Paul Wilkins,F,"383 James Bridge Oconnellstad, KY 02417",1994-10-22,23141
5,butlerashley,Jaclyn Williams,F,"019 Jennifer Motorway Silvafurt, TX 08801",1977-02-17,34334
6,sramirez,Jared Thomas,F,"714 Knight Route Ballardshire, AL 90146",2016-01-18,39633
7,elizabethreed,Natalie Young,F,"09687 Evelyn Canyon Apt. 886 Sandersborough, LA 60546",1973-10-13,20412
8,robertanderson,Gregory Wallace,M,"1612 Jason Extension Suite 739 Amandastad, VT 61625",1971-12-14,44076
9,garciapeter,Janet Kennedy,F,"415 Monica Flat Suite 466 Port Sandrabury, UT 38615",1986-05-29,10718
10,johnsonjohn,Mark Hall,F,Unit 5699 Box 3538 DPO AP 94929,1986-03-14,35267
11,andrew60,Mary Santiago,F,"84673 Gonzalez Mews Bradleyview, MT 02786",2020-01-25,19360
12,chandlerjoseph,Andrew Cook,M,"6012 Smith Stream Apt. 229 North Brian, LA 66566",2004-12-25,15324
13,derekshannon,Elizabeth Hill,M,"797 Randall Summit Port Desireemouth, NH 83774",2018-02-21,13042
14,reyesandrew,Michael Freeman,M,"PSC 7981, Box 4205 APO AP 97899",2008-10-17,10691
15,gonzalezann,Kerri Shaw,F,"9407 Barajas Union Port Katie, WY 32844",2003-07-15,23078
16,gomezscott,Edwin Walters,F,Unit 4209 Box 5654 DPO AA 93750,1995-06-10,22457
17,tracie46,Christopher Stone,M,"8887 Stacey Stravenue New Emilyburgh, WV 76014",1985-11-11,41898
18,susan31,Ronald Richards,F,"64139 Miller Mount Apt. 755 South Jennifertown, NV 15401",2000-03-27,15719
19,denisebarrera,Michael Hammond,M,"645 Sonya Courts Apt. 491 Keithhaven, DE 86950",1973-11-29,17353
20,jessica25,Jordan Huffman,F,"8582 Wilson Alley West Rubenport, MN 93368",2009-11-09,16630
21,zharris,Teresa Delgado,F,"381 Doyle Branch Port Ryan, NE 55005",1972-10-27,44288
22,hmann,Emily Hall,M,"8159 Foster Greens Apt. 260 Lake Laurastad, IA 68133",2018-01-14,19317
23,austin09,Daniel Johnson,M,"2780 Banks Square Jasonborough, MD 94879",1976-10-29,24163
24,jennifer07,Jessica Richardson,M,"727 Wagner Terrace North Kelseystad, HI 52262",2020-11-20,46981
25,orogers,Shannon Hicks,M,"212 Amanda Avenue Wardton, DE 40472",1990-02-26,26488
26,smithdiane,Brandon Edwards,F,"21063 Larson Keys Matthewsside, NM 99245",1991-10-11,27234
27,patricia80,Willie Leblanc,F,"4378 Ryan Isle South Anthony, MS 82329",1984-06-12,6350
28,lauragutierrez,Jorge Russell,M,"PSC 3813, Box 3027 APO AP 55935",2003-09-25,24988
29,tammy25,Monique Walters,M,"596 Sarah Walk Apt. 866 Ricardoside, FL 93046",2010-11-25,22879
30,william10,Christine Taylor,M,"1701 Carol Circles North Robertshire, SD 92224",2006-11-14,48484
31,randy24,Alisha Maxwell,M,"PSC 0464, Box 4700 APO AA 41726",1974-07-02,38468
32,martinezjoseph,Kyle Hobbs,M,USS Lindsey FPO AE 93799,1992-09-08,25227
33,steven88,Louis Johnson,M,"22978 Sarah Springs Suite 959 South Johnview, MA 51060",2020-07-12,33807
34,jessica19,Ralph Chang,M,"473 David Union Henryborough, UT 04950",2018-04-23,45723
35,daleguzman,Brian Johnson,M,Unit 0727 Box 3882 DPO AA 91920,2005-02-14,8119
36,wellsbarbara,Julia Cunningham,F,"92476 Nathan Brooks Lake Kellyland, MN 07182",1995-05-20,41916
37,nicholsjessica,Kara Dixon,F,"63556 Christopher Ramp Apt. 837 Brewermouth, IA 32245",2008-01-13,10635
38,oconnorsean,Michael Guzman,M,"0564 Harris Trace Apt. 115 East Cassandra, MI 92349",1978-03-30,19103
39,michellewilliams,Rebecca Gutierrez,F,Unit 7167 Box 6618 DPO AE 41489,1977-05-13,46784
40,alexa79,Abigail Lang,M,"33627 Roberts Keys Suite 908 Lake Patrick, RI 36744",1984-02-22,27194
41,powelllisa,Scott Lee,M,"052 Beasley Pass New Douglas, MI 89621",1989-04-08,44115
42,cardenasshawn,Steven Decker,M,"14825 Morgan Prairie Apt. 399 West Carlaland, LA 71056",2008-02-26,43602
43,vcrane,Nicholas Evans,M,"01216 Baker Cape Apt. 773 Michaelland, WV 87616",1975-09-07,7609
44,rhodesvalerie,Kaitlin Ford,M,"8847 Riley Stream Suite 072 Lake Gwendolyn, ME 34513",1995-05-08,20926
45,karenevans,Mr. Thomas Rivera MD,F,"58564 Campos Knoll North Lanceside, IL 02482",1996-05-21,21284
46,plewis,Frederick Morris,M,"58657 Thomas Park Apt. 221 Port Brenda, OK 13228",2015-05-02,32941
47,jamesfrank,Tracy Butler,M,"372 Rodgers Pike Rachelmouth, WV 47686",1993-06-10,22146
48,melanie23,Darrell Holloway,F,"8243 Sampson Point Apt. 426 Lake Jenniferport, DE 25578",2004-07-24,44650
49,ericleonard,Charles Bonilla,F,"2496 Rodriguez Ramp Apt. 494 East Williambury, SC 69310",1977-01-30,26481
50,vangsteven,Peter Fisher,M,"37985 Jessica Ports Apt. 025 Morenoborough, NE 31320",2006-01-05,30723
51,brian53,Allen Adams,F,USNV Smith FPO AA 76735,2007-08-05,41569
52,gjones,Jason Thomas,M,Unit 4652 Box 3049 DPO AP 46363,2014-05-13,20423
53,mariosharp,Richard Stone,F,"PSC 5711, Box 4237 APO AE 17802",2016-05-14,20940
54,gary56,Ricardo Franklin,F,"22465 Pamela Plains Apt. 166 North Lucaston, HI 44891",2015-11-30,36551
55,christina75,Mary Cline,F,"8601 Alyssa Locks Fieldsfurt, AL 68769",1989-05-23,24001
56,jaclynsmith,Melissa Bradley,F,"4276 Berger Divide Apt. 353 South Jasonfort, TN 60599",2019-12-14,8286
57,tsmith,Nathan Acevedo,M,"149 Vanessa Mills Apt. 086 East Jonathanhaven, VA 84835",1991-11-30,42111
58,angel15,Danielle Davis,M,"893 Justin Brooks Apt. 331 Kyleshire, PA 98689",1979-02-15,44827
59,julie23,Robert Carter,M,"42380 Cynthia Route Mataville, CT 71115",2011-04-17,37552
60,williamskevin,Amanda Woods,F,"763 Bush Club Suite 933 Tammytown, SC 56968",1997-06-15,10762
61,joann86,Kimberly Anderson,F,"430 Watkins Wall Nguyenville, AZ 89439",1985-01-24,16732
62,barronbelinda,Benjamin Le,M,"8681 Fox Dale North Carolton, PA 85543",1999-03-06,47432
63,jorgesantana,Jessica Lara,F,"389 Taylor Highway Suite 472 Nguyenview, OH 14453",1980-09-22,14934
64,xsimpson,James Nunez,F,Unit 8284 Box 0476 DPO AP 30496,2013-06-14,20732
65,zlee,Ana Torres,F,"84144 Candace Land Apt. 481 West Amber, MT 51118",1993-07-30,24694
66,dustin16,Michael Gallegos,F,"68291 Wilcox Extensions New Jason, VA 35790",1988-10-10,43289
67,jillflowers,Dustin Williams,M,"67032 Judith Street Jamesfort, HI 90859",1975-02-16,21825
68,megan01,David Ramirez DVM,F,"892 George Crossing Richardsonmouth, NY 96471",2004-09-25,34672
69,susandavenport,Geoffrey Young,M,Unit 0189 Box 4280 DPO AA 26989,2003-04-06,48639
70,stephaniemendez,Kelly Jefferson,M,"6598 Gates Valleys Suite 872 Owensview, VA 15409",1994-05-06,7324
71,shannonbyrd,Charles Willis,F,"674 Chelsea Valley Suite 123 East Alan, DC 49636",1994-11-28,18423
72,tiffanydawson,Zachary Mack,M,"342 Charles Expressway Port Kendra, WY 37076",1995-06-11,20603
73,mooreterri,Krystal Morales,F,"69460 Anderson Point North Joseph, CO 14133",1977-09-02,33198
74,brett68,Sherry Dodson,F,"82488 Johnson Flats Suite 492 East Cody, TX 79375",1982-08-24,24887
75,rjohnson,Michael Hamilton,M,"1626 Michael Course Suite 646 Williamsville, NE 57914",2014-08-12,7361
76,murphykimberly,Michelle Ryan,F,"8855 Gregory Stravenue Mariobury, AR 09522",2001-09-06,47763
77,matthew07,Kelly Davis,M,"010 Watkins Mountain Suite 118 South Devinport, MA 54295",1971-02-22,44882
78,terryshea,Justin Smith,F,"1508 Gina Mission Suite 890 Tiffanychester, OR 90715",1980-08-02,40804
79,harperrobert,Timothy Thomas,M,"884 Blair Vista Suite 610 Watsonborough, AK 13425",1971-05-04,21584
80,tinasnyder,Madison Stewart,F,"363 Edwards Freeway Apt. 839 Derekborough, WI 94913",2018-11-15,26193
81,rodney13,William Robbins,M,"13276 Ariel Prairie East Jonathan, WI 41592",1973-01-22,17033
82,adam06,Brian Schmitt,M,"06238 Foster Gateway Port Jadefurt, TX 54818",2010-12-13,36425
83,ihoward,Monica Jordan,M,"PSC 4573, Box 3096 APO AP 31041",2013-01-15,35222
84,robertwhite,Brandon Wood IV,M,"6856 Melissa Prairie Apt. 901 West Nicolestad, WY 41049",1977-08-17,11971
85,smithchloe,Terry Hicks,M,Unit 7693 Box 7661 DPO AP 06407,2002-11-16,8932
86,kwong,Amber Sandoval,F,"124 Carrie Mill North Christine, MO 17789",1975-06-21,46633
87,aschmidt,James Fry,M,"83596 Bradley Estate Apt. 353 East Robertberg, IL 24727",1972-02-02,12966
88,ldorsey,Melinda May,M,"273 David Centers Michaelchester, UT 67777",2005-04-15,35587
89,sandrachung,Glenn Stewart,M,"PSC 9958, Box 3904 APO AE 50814",1980-06-29,15865
90,jenniferstanley,Sandra Kelley,F,"1035 Carroll Glen West Eddiemouth, NC 51672",1970-09-23,29614
91,grivera,Matthew Hoffman,F,"659 April Streets Wallaceshire, ME 70400",1983-12-19,32381
92,benjaminthompson,Joseph Hughes,M,"68758 Benjamin Garden Suite 249 West Eric, PA 70585",2000-02-15,10160
93,lisahenry,Christopher Phillips,F,"1599 Ryan Plaza Lake Theresabury, CO 01661",1992-01-17,22733
94,theresamcpherson,Chris Scott,F,"703 Lamb Street Apt. 351 New Jamiebury, DE 27626",2010-01-02,45130
95,msolis,Adam Mahoney,F,"98753 Joanna Crossing Apt. 517 Stoutville, PA 28600",2010-09-25,41254
96,jordanmargaret,Megan Johnson,F,"1462 Mark Lock Hollymouth, SD 36419",1999-09-08,21525
97,emily76,Erik Kennedy,M,"75587 Briggs Point Suite 449 East Sarah, FL 17321",2007-05-08,32512
98,kimberly83,Dawn Ford,M,"490 Erin Isle New Katherine, VA 10225",1989-05-09,38124
99,arobbins,Stephen Pollard,F,"7348 Davila Tunnel Aprilville, RI 00507",1976-08-09,34358
100,pbrown,Mary Edwards,M,"0859 Murphy Branch Apt. 354 Matthewborough, LA 48159",2000-02-12,39155
101,smithshannon,Andrew Jackson,F,"3401 Daniel Road Kellyburgh, AR 23403",2004-07-22,47811
102,sophiajarvis,Kenneth Randall,F,"6967 Nicholas Curve East Haydenburgh, OR 54569",1987-11-15,15481
103,williamcollins,Michael White,F,"61643 Jason Summit Apt. 680 Port Jeremiah, IL 42825",2001-09-06,9339
104,whunter,Allison Russell,M,"426 Jonathan Field Apt. 900 Danielport, MS 96897",2013-07-12,35048
105,gmoore,Stephen Garcia,M,Unit 9247 Box 1000 DPO AA 65206,1971-10-30,6912
106,zfigueroa,Tiffany Rodriguez,M,"17334 Jordan Drive Suite 218 Colleenville, LA 63719",2020-03-05,14378
107,anne64,Nicholas Garcia,M,"02476 Gibbs Summit New Randychester, CT 09476",1990-11-02,9693
108,tammy37,Maria Olson,F,"237 Chaney Street Apt. 162 Nicholasmouth, KS 37581",1989-12-25,24524
109,grayshelby,Isabel Simon,F,"135 Jason Tunnel Lake Joan, MO 96823",1977-05-16,35255
110,tony72,George Hoffman,M,"7636 Marshall Crescent Suite 078 East Marisafort, KY 87911",1995-04-29,15832
111,knoxtravis,Robert Collins,F,Unit 4686 Box 4821 DPO AA 80035,1985-11-05,6748
112,sarasantana,Tanya Perez,F,"01744 Mejia Mount Port Lisaville, CO 72847",1995-03-11,14363
113,michael48,Mrs. Jessica Owens MD,M,"482 Traci Glen Keithborough, KS 04670",1999-11-04,41749
114,zadams,Taylor Allen,F,"271 Gonzales Grove Suite 110 South Danielville, NM 14522",2013-05-11,44461
115,martinbrent,Travis Berry,M,"86503 Wolfe Motorway Apt. 627 Lake Bobbyfurt, ME 12609",2007-11-09,22632
116,urodriguez,Jordan David,F,"6160 Lane Ports Suite 702 Nguyenstad, UT 34467",1972-05-08,19006
117,scott83,Amanda Austin,M,"90897 Franklin Overpass Apt. 983 Lake Sheilafort, TN 47906",1982-12-04,42639
118,nicole07,Sabrina Haley,F,"86001 Wright Path New Gloria, WA 51317",2001-06-29,9683
119,qthompson,Rhonda Jones,F,"9000 Sabrina Ford Lake Jenniferberg, MN 46519",2004-09-20,24612
120,fpeterson,Tiffany Lopez,M,Unit 2823 Box 8523 DPO AA 98053,2017-06-25,48377
121,walterjohn,Kyle Rodriguez,M,"89792 Catherine Manors North Teresafurt, AR 27346",2008-05-05,15072
122,efischer,Rose Romero,F,USNS Jackson FPO AA 57085,1987-07-25,20408
123,ibrennan,Stephanie Rhodes,M,"8914 Thomas Trail Apt. 151 East Daniel, MT 84348",1974-10-04,46870
124,danielle57,Jill Chen,M,"806 Brian Summit Suite 726 West Brianland, WV 67310",2014-12-12,6474
125,laura94,Jacob Fleming,F,"3953 Robert Squares Suite 884 New Jeffreyview, OR 91811",1989-10-14,25013
126,michael85,Anna West,M,"261 Boyd Expressway West Javier, OR 82722",2003-09-01,9396
127,edwardrandall,Stephanie Harper,F,"92052 Ward Mission Apt. 442 West Wendy, CT 32648",2011-01-16,35332
128,melissa90,April Moore,F,"2823 Davidson Unions Fowlerstad, VT 41891",2013-05-06,9866
129,russell96,Kim Wolf,F,"234 Eric Knoll Lake Nancy, AR 37493",1978-03-06,25364
130,vwalter,David Chandler,F,Unit 4439 Box 8097 DPO AA 10116,1990-04-23,38060
131,stephanieandersen,Gregg Cook,F,"8061 Lopez Street Suite 501 Devinfort, ID 05375",2019-07-12,19661
132,kimberly13,Scott Ferguson,M,"11864 Hurst Square Suite 575 Toddstad, ND 30833",1990-05-16,23834
133,mabbott,David Carpenter,F,"74631 James Spurs Port Kristinchester, NH 12974",2011-04-23,22168
134,uanderson,David Jones,F,"9162 Stout Stream Kimberlymouth, ID 81424",2011-08-28,6483
135,theresasmith,Michelle Miller,M,"4270 Romero Ford Apt. 983 New Jane, OH 99424",1987-11-14,15072
136,ryansanford,Nicole Jones,F,USNS Evans FPO AA 41972,1990-01-30,15807
137,joannayates,James Brown,F,"427 Clark Prairie Apt. 765 South Paulburgh, KS 12528",1993-09-12,15757
138,melindaschmidt,Carla Brooks,F,USCGC Mejia FPO AP 98634,2006-02-21,31020
139,bbond,Jordan Brown,F,"4428 Dennis Courts Apt. 103 Lake John, WA 42061",1997-01-17,26626
140,wgibbs,Brian Burns,F,"3166 Bryan Cape Martinton, RI 73921",1997-11-24,20208
141,tbrown,Barry Palmer,F,"07144 Stephanie Crossroad Apt. 523 Mirandaton, MA 44503",2019-03-28,41877
142,gbutler,Kevin Goodman,F,"4480 Brown Point Suite 501 Blaketon, WA 76431",2008-02-24,26744
143,amanda49,David Smith,F,"960 Justin Dam Suite 266 South Erinbury, NH 62367",1983-10-29,34611
144,claudia88,Craig Little,M,"373 Christian Via Suite 650 Richardborough, AZ 44127",2009-01-19,22915
145,beverlybrown,Charles Avila,F,"7536 Sharon Mills Apt. 069 Janetside, NJ 66030",2001-09-20,8764
146,travis45,Rachel Jones,M,"0850 Thomas Junction Suite 765 Garytown, MN 52917",1972-08-09,10458
147,osborneamanda,Dennis Castillo,M,"PSC 8334, Box 8328 APO AE 85586",2020-06-24,42222
148,lrobinson,Robert Wright,M,"59333 Danielle Squares Apt. 920 Paulland, SC 37006",2005-10-02,24701
149,juliecole,Jason Smith,F,"PSC 3998, Box 9833 APO AP 20846",2012-09-04,7574
150,felicia58,Mary Ward,F,"2258 Webb Garden Apt. 038 South Davidburgh, AZ 98767",1980-11-24,35251
151,tammywaller,Donna King,M,"868 Jenkins Mountains Suite 570 New Craigburgh, VA 69485",2010-07-21,14891
152,colehannah,Louis Taylor,F,"4264 Krystal Grove Suite 998 Laurenburgh, VA 06008",2008-03-08,20432
153,andremunoz,Joseph Matthews MD,F,"0711 Mason Prairie Apt. 389 South Alyssaport, CT 60719",1987-03-24,15489
154,debra49,Dr. Mario Clay DDS,F,"PSC 2695, Box 4125 APO AP 66448",1997-12-09,36543
155,justinlittle,Tyler Hernandez,F,"24927 Tiffany Mountains Lake Paul, SC 01974",2020-06-23,25822
156,penny36,Katrina Zimmerman,M,"53680 Jessica Bypass Suite 656 Markville, PA 57647",1983-05-20,44952
157,frankzavala,Deborah Duncan,M,"211 Jasmin Alley Suite 941 Port Danielbury, SD 49776",1992-09-23,37474
158,vicki20,Laura Collier,F,"29405 Oneill Mills West Kevin, OK 98838",2010-08-19,29383
159,tmartinez,Jessica Price,M,"29624 Kevin Islands Suite 693 Lake Elizabethville, NC 94914",1980-08-31,31723
160,kimberlywu,Rhonda Davidson,F,"2241 Kimberly Club Apt. 761 Potterfurt, CO 55828",1981-12-28,15320
161,daniellereese,Traci Cummings,F,"58564 Tara Islands Apt. 490 New Tracy, NE 49574",2011-08-12,44753
162,thomas10,Andrew Velez,F,USNS Young FPO AE 05198,2001-02-27,11893
163,xwood,Amanda Hood,F,"044 Brian Plaza Apt. 947 New Jaimeland, AR 14843",1971-10-04,8151
164,kylieking,Kyle Kelly,M,"62452 Black Way Suite 028 West Cindyhaven, ME 28159",2003-04-27,19858
165,kochtheresa,Brent Gibbs,F,Unit 9953 Box 3337 DPO AA 12525,1971-06-11,8112
166,mandrews,Dawn York,F,"19821 Ashley Lights Port Susan, ND 41301",1972-04-05,31967
167,kathrynherrera,Colleen Duncan,M,"457 Brian Stravenue Suite 821 West Brian, FL 47943",2008-09-04,25714
168,wtaylor,Jonathan Tyler,F,"2045 Brandon Valley East Cesarburgh, KY 00544",2009-09-24,15083
169,timothysutton,James Rose,F,"14786 Hampton Fords Jasonbury, MI 23858",1991-07-27,45422
170,rogersbobby,Brian Erickson,F,"9314 Kevin Turnpike Apt. 922 Jamesshire, OK 43440",1980-02-22,38396
171,dannysellers,Ann West,F,"582 Hernandez Ports Suite 329 Williamsonmouth, ID 12906",1999-07-09,48419
172,jonesalexis,Nicole Jenkins,M,"3507 White Ford Raymondstad, MO 21776",1989-02-23,40138
173,pmoore,Jeffrey James,F,"00563 Monica Path East John, AL 19315",1988-12-22,30670
174,joeltorres,Pamela Booth,M,"819 Russell Dam Cabrerafurt, MT 26478",2019-10-29,30363
175,phillipsandrew,Lisa Murphy,F,"2332 Bean Forges New Henryton, HI 68420",1994-05-03,7295
176,nsnyder,Lance Allen,F,"01753 Martin Causeway Lake Donnatown, VA 48848",1978-09-05,46287
177,paul38,Gabriel Soto,F,"30314 Shaun Garden New Megan, VT 33087",1992-12-31,9346
178,ounderwood,Bobby Krause,F,"3200 Singleton Rue New Erikchester, UT 75623",1991-10-28,6133
179,nicholaslarsen,Sabrina Alvarado,M,"35380 Burgess Greens West Wendy, KY 37814",2003-04-19,19706
180,asullivan,Vincent Crawford,F,"01656 Ryan Mews Apt. 071 Jennifermouth, CA 59523",2009-12-02,36918
181,iwilliams,Anita Edwards,F,"6209 Laura Cliffs Apt. 089 Mossstad, NM 52149",2000-09-02,42317
182,sarah72,Christopher Curtis,F,"59667 Romero Stream Suite 874 Jeffville, MD 32551",1987-01-16,48168
183,deborahburnett,Richard Henry,M,"52309 Marshall Hills Elizabethborough, PA 18776",2000-03-09,27027
184,terri83,Jonathan Schneider,F,"450 Ashley Coves North Ashlee, DE 69535",1989-03-07,6342
185,jamie70,Michael Snyder,M,"7971 Tucker Vista Apt. 998 East Lauraborough, MA 10292",1979-01-09,28236
186,millerbridget,Lauren Moran,F,"71274 David Field Apt. 219 Kellyhaven, WY 22770",2002-03-11,46173
187,elizabeth41,Marcus Parks,F,"28065 Smith Cape Apt. 501 Geraldhaven, LA 79247",1985-10-03,14454
188,aliciagray,Robert Davis,M,"49605 Callahan Green Port Jacquelineport, NV 45566",1977-05-07,24563
189,lneal,Marcus Jenkins,M,"634 Jason Way Suite 393 New Kevinborough, VA 58127",2007-11-17,39293
190,stephen56,Theresa Williams,F,"5602 Bradley Path North Paulhaven, GA 66889",1978-12-01,14712
191,nhensley,Elizabeth Blair,M,"PSC 9165, Box 4954 APO AE 50011",2020-08-22,42931
192,rjensen,Scott Phillips,F,"5190 Bryan Lane Suite 884 South Michaelville, CT 33942",1988-04-04,43996
193,rochakenneth,David Brock,M,"449 Amy Forge Suite 035 Micheleville, NH 10292",2012-07-09,34471
194,lfisher,Olivia Lee,F,"9069 Price Forge Suite 590 Amandamouth, NJ 65648",1984-02-10,7798
195,bmichael,Julia Lee,M,USNV Carter FPO AP 94979,1970-08-10,13040
196,lucassara,Grace Colon,M,USCGC Rodriguez FPO AP 06530,1972-11-15,12098
197,jacquelineholmes,Jorge Walton,F,"50564 Jocelyn Passage Suite 634 North Rachel, GA 59865",1985-05-29,48276
198,acampbell,Donald Clarke,M,"55210 Tami Parkways Suite 360 Angelaview, ID 86969",2008-04-14,16316
199,joel07,Sean Olsen,F,USS Hudson FPO AE 47475,2014-01-26,10550
200,murphystefanie,Cynthia Orr,M,"2415 Smith Parkways Apt. 562 New Allisonton, OK 18638",2014-10-04,10109
201,andreaclarke,Ashley Williams,M,"640 Tiffany Isle North Robertland, SD 24598",1974-03-19,49971
202,vjackson,Amanda Hester,F,"347 John Center New Shawnton, OH 85651",1971-11-22,43151
203,kristajohnson,Paul Stevens,M,"08273 Castillo Fall Port Marcusburgh, TX 36054",2020-02-08,40136
204,mward,Melissa Young,F,"52488 Franco Turnpike Suite 701 Port Christine, AL 66540",1971-08-28,41021
205,ryanvasquez,Kimberly Gray,F,USNV Skinner FPO AE 05975,1990-01-10,6785
206,littlebrian,Lori Johnson,F,"0062 Jones Springs Suite 830 Lake Julia, IN 69804",2003-01-14,40638
207,millerjessica,Brian Hall,M,"70925 Gates Road Jennifershire, NV 70127",2009-06-25,48831
208,lopezspencer,Nicole Johnson,M,USNV Clarke FPO AE 91055,2002-09-01,39354
209,paula07,Melissa Thomas,F,"106 Mcdowell Cliffs Suzanneshire, SC 27269",2008-10-13,19874
210,cking,Sarah Lopez MD,F,"59255 Lewis Dam Apt. 956 Espinozabury, CT 11821",2003-07-08,13802
211,nicholas72,Marcus Morrison,F,"04611 Stephen Curve South Davidborough, IA 26472",2009-01-24,39927
212,davismatthew,Michael Walker,F,"35998 Hall Coves Suite 555 South Eric, NJ 81485",1998-11-15,18945
213,ugiles,Larry Morse,F,"124 Tammy Flats Apt. 564 Patrickchester, IL 58914",2011-11-28,43185
214,kimberly10,Michael Sheppard,F,"PSC 7241, Box 0827 APO AP 47853",1983-09-27,30266
215,aliciavazquez,Taylor Moreno,M,"445 Macias Forest Stuartville, OK 98321",1978-12-05,29910
216,warrenmichelle,Donald Wilson,M,"7601 Riddle Oval Lake Richardfurt, SC 98892",1998-08-11,34972
217,harrismary,Kenneth Quinn,F,"943 David Mission North Kelly, MT 46701",2004-11-29,31658
218,noblemichael,Brenda Malone,F,"16574 Laura Islands Apt. 286 West Whitney, KS 43936",1985-02-26,37397
219,smithjeffrey,Melanie Bray,M,"5650 Robert Lock Danielberg, LA 72942",2011-12-26,27816
220,johnbaird,Charles Carroll,M,"334 Hernandez Unions Suite 672 East Nancyfort, MD 33536",2002-07-25,44686
221,richardanderson,Victor Johnson,M,"0935 Cook Station Suite 947 Brettland, ME 24700",1990-08-03,19885
222,elester,Angela Cantrell,M,USNS Webster FPO AE 13528,2008-12-07,36560
223,kaitlyngill,Maria Moran,M,"345 Santos Causeway Suite 326 New Randy, NV 15218",1998-05-17,31595
224,vbowers,Roger Lopez,F,"3965 Theresa Path Suite 511 Walkerville, NM 97212",1974-03-30,20650
225,cookmegan,David Mitchell,F,"37856 Melissa Pass Apt. 090 Port Jimmyton, MO 17855",1995-12-08,8244
226,kenneth96,Cassie Santiago,F,"25353 Mary Place Kristinland, VT 18261",1981-07-23,48758
227,maria07,Daniel Cooke,M,"828 Pugh Unions Apt. 868 North Joe, SD 62297",1986-06-01,39511
228,carrie12,Sarah Williams,M,"465 Brown Well Melissaborough, IL 26308",1977-08-18,41980
229,lauraroberson,Tiffany Anderson,M,"4753 Joseph Hill Apt. 146 North Anthony, NY 55152",1972-08-12,14945
230,abest,Veronica Perry,F,"45618 Linda Lodge Suite 638 East Austinmouth, TX 61436",1981-01-03,12183
231,kstewart,Natasha Nguyen,M,"646 Jimenez Prairie Smithtown, MD 60429",2017-04-27,11135
232,cainnatasha,Hannah Jones,F,"701 Long Place Ortizview, DC 02021",1991-08-01,45663
233,ychavez,Alexis Smith,M,Unit 6911 Box 9779 DPO AP 99777,1995-12-30,40937
234,lorrainerodriguez,Hannah Sawyer,F,"384 Jacobs Village Apt. 640 Lake Alicia, MS 39825",1976-11-06,42940
235,shellybowman,Donald Contreras,F,"88478 Kendra Passage West Tonyaberg, OK 51031",2004-12-15,14631
236,qgardner,Jessica Houston,F,"580 Roy Parkways Apt. 883 Thomasberg, GA 90208",1979-08-17,36111
237,jennifer10,Eric Snyder,F,"014 Moore Plains Carlymouth, NH 67312",2012-06-15,46072
238,april03,Robert Hill,F,"6932 Gabriel Turnpike Wheelerland, CT 64385",1977-07-03,19581
239,browngerald,Daniel Potter,M,"PSC 4942, Box 6098 APO AE 22072",2004-03-22,31487
240,veronicarivera,Megan Dyer,F,"057 Petty Crest Port Victorville, NY 24003",1992-02-27,25669
241,randallkevin,Ethan Thornton,M,"73801 Forbes Streets Apt. 914 Port Antoniostad, ID 72305",1997-05-16,10400
242,jamiegonzalez,Amanda Clarke,F,"252 Todd Locks Drewborough, GA 34545",2003-04-30,48416
243,wnelson,Samantha Lopez,M,"69932 Martinez Vista Apt. 096 Donaldborough, NH 65997",1993-03-21,44832
244,james97,Deanna Anderson,M,"PSC 9249, Box 0403 APO AP 03248",2002-04-23,33779
245,gpatton,Mary Roberts,F,"396 Soto Turnpike East Hannah, NY 92308",1999-02-14,44708
246,richard52,Johnny Frederick,F,"73851 Moore Plains Suite 045 South William, NC 37091",1999-07-09,19763
247,parkerannette,Barbara Brown,M,"240 Bennett Locks West Rachel, WA 13326",2001-09-14,23226
248,pittsronald,Vincent Lamb,F,"54042 Ramirez Pike North Alexandra, UT 18880",2018-04-04,27687
249,kimberly81,William Landry,M,"7202 Cassandra Coves Apt. 881 Port Miahaven, AK 87234",1975-09-02,9206
250,josephsmith,Daniel Williams,M,"1331 Warren Forest West Amandahaven, LA 03217",2009-06-20,21130
251,pstewart,Breanna Gutierrez,F,"0076 Claudia Points Apt. 203 Port Brendahaven, HI 64237",2006-03-06,26626
252,ellen64,Joe Patel,F,"31459 Jennifer Prairie Apt. 479 Bennetttown, MT 43147",1974-02-21,36161
253,buchanancrystal,Cindy Cardenas,M,"PSC 9197, Box 3858 APO AP 34777",1980-12-16,32717
254,shirley52,Nicole Howard,F,"8954 Mary Camp New Jeffrey, GA 91791",2017-08-09,22391
255,mitchelljoshua,Amber Burke,F,"270 Rodriguez Forges Apt. 183 Gainesshire, MI 41766",2020-07-29,18959
256,briangarcia,Mark Walters,M,"3427 Graham Parkways North Calvin, AL 81430",1975-11-26,23507
257,brightkevin,Michael Johnson,M,"9901 Baker Loaf Marvinborough, IL 80368",2014-01-26,12096
258,brittany27,Sharon Sims,M,"10524 Johnny Harbors South Anthonychester, MD 93638",2013-02-10,8470
259,armstrongnicole,Michelle Boyd,M,"6585 Medina Roads Jasonhaven, NC 69465",1970-12-11,36630
260,kyle59,Renee Cunningham,M,"31109 Eric Rest Apt. 226 Lake Annettefort, FL 90980",2007-08-17,47508
261,burnssherry,Calvin Smith,F,"88642 Jennifer Orchard Apt. 958 South Kristenshire, MD 85641",1981-02-19,11590
262,smithrobert,Eugene Cantu,M,"50160 Joseph Ranch Lake Brittanyberg, ME 31448",2012-04-22,30588
263,fmendoza,Hannah Tucker,F,USCGC Barker FPO AA 38604,1977-08-19,12072
264,georgedunn,Alexandria Gray,M,"78073 Jennifer Extensions Suite 470 New Molly, OR 21619",1980-08-12,17633
265,owest,Jason Sparks,M,"7592 Graham Manor Apt. 013 Tylerhaven, TX 65504",1973-05-19,44290
266,williammathis,Amy Gonzalez,F,"289 Peter Valleys Suite 711 West Edward, OR 50465",2002-07-12,9906
267,kellychambers,Billy Williams,M,"3031 Barr Garden Apt. 829 New James, PA 64944",2011-08-08,45938
268,uadams,Katherine Carlson,M,"7062 Bell Row Port Stacey, TX 74921",2000-01-07,44802
269,gzuniga,Nicole Cox,F,Unit 1261 Box 1503 DPO AE 57484,1990-08-30,36822
270,jacobsjon,Sean Harrell,F,"00869 Strong Wall Apt. 991 Barronstad, NE 80958",1977-06-09,37916
271,megan24,Valerie Douglas,F,"855 James Green New Lauramouth, FL 74360",1974-06-22,30213
272,courtney59,Christopher Peterson,M,"3995 Richard Estate Suite 064 Brittanyton, TN 72372",1987-06-04,19966
273,katelynryan,Karla Martinez,F,Unit 1976 Box 5501 DPO AP 19384,1994-12-18,35039
274,elizabeth74,Lisa Thomas,M,"661 Joshua Road South Paula, RI 56915",1983-02-27,32223
275,wardjeff,Carly Smith,F,"52294 Summers Landing Suite 268 Jacquelineshire, TN 28335",1979-07-13,46523
276,bennettangel,Brenda Hunter,F,"790 Conner Crossing Port Davidbury, RI 98142",2008-09-16,17609
277,glassjoshua,Henry Dean,F,"68784 Klein Shores Suite 199 Virginiastad, MT 35246",2000-09-09,25339
278,wanda26,Angela Taylor,F,"02183 Blake Brook Suite 627 Lake Jordan, NC 39755",2018-04-24,18349
279,mcdonaldvanessa,John Martin,M,"073 Nicholas Corners Apt. 244 Port Nicolefort, AZ 53206",1999-12-29,36052
280,gilbert45,Judy Mcdonald,M,"057 Steele Mill Jermainetown, ID 25477",2020-08-22,23701
281,maryhansen,Shannon Brown,M,"PSC 1103, Box 9982 APO AP 81473",2007-11-04,30331
282,walkeremily,Jason Stevens,M,"349 Jackson Radial Lake Johnny, AR 68634",2001-09-06,45425
283,nancy81,Carolyn Ellison,F,"171 Larson Square New Jameshaven, IL 64478",1978-06-04,21965
284,billy04,Steven Stout,M,"4340 Brenda Prairie Lake Gavin, UT 87999",1976-04-17,31759
285,mauricecardenas,Molly Winters,F,"60465 Trevor Manors Suite 297 East Kelly, RI 29537",2016-03-29,11694
286,wbarton,Shannon Wagner,M,"4283 Johnson Green Suite 891 Port Dannystad, VA 33235",2002-09-02,47514
287,sarah73,Chelsea Cole,M,"09409 Alexis Lake Apt. 731 Harrisbury, SD 34200",1998-07-01,8272
288,wilsonkarina,Jennifer Jackson,M,"32441 Tracy Mission Hufftown, NH 82806",2003-07-02,38705
289,dawnclark,Toni Maddox,F,"22632 Guzman Meadows Suite 414 Amyfurt, FL 34235",1977-02-28,35487
290,willierivas,Kari Mason,M,USNS Graham FPO AA 91838,1974-06-05,49137
291,ibarrahelen,Kevin Grant,F,"347 Deanna Turnpike Christianport, OH 10525",1973-11-07,15731
292,saundersdavid,Brian Williams,F,"2110 Joseph Forks Ericmouth, ND 92458",2008-10-27,10863
293,elizabethweaver,Julie Swanson,F,USNV Francis FPO AP 48082,1979-06-15,39965
294,kempgabriel,Ian Hodge,M,"98909 Hudson Expressway Medinaton, VA 54377",1987-06-17,24521
295,deborah27,Karen Jones,M,"22075 Alexander Plaza West Alicia, RI 67846",1976-11-14,40843
296,jerry08,Louis Martin,M,"0511 Theodore Estate Suite 238 South Johnchester, WI 27814",1990-10-28,43540
297,jacksonalicia,Bobby Howell,F,"702 Victor Gateway Justinchester, LA 73435",1997-10-28,45121
298,kacosta,Ms. Carla Gross,M,"24002 Boyle Junction East Andrew, NH 06376",2009-03-04,34135
299,ybarnes,Chad Boyle,F,"39596 Sara Pass Lake Patricia, ND 81457",1990-07-15,17341
300,ystrickland,Megan Hahn,M,"905 Emily Turnpike South Francisco, NM 08824",1992-02-06,49297
301,bowersbenjamin,Crystal Moses,F,"54836 Alvarez Ramp Apt. 833 Stuartland, NE 29070",1979-03-25,41396
302,ronaldchavez,Margaret Ramirez,M,"85138 Susan Walks Suite 252 Lake Harrybury, DC 01029",1990-07-08,37231
303,tabithaperez,Elizabeth Hunt,M,"92822 William Corners South Melanietown, TN 32529",2001-01-15,22851
304,cruzsamantha,Briana Graham,M,"826 Steven Ports Taylorfurt, OR 58905",1991-07-22,37694
305,chernandez,Jacob Williams,F,"1050 Bradley Meadows Suite 388 South Keithstad, DC 22225",1980-04-10,28026
306,rchavez,Jennifer Davidson,F,"PSC 8911, Box 5657 APO AP 79772",1999-10-11,29643
307,craig19,Kelly Anderson,F,"246 Pacheco Plains Owensland, OR 83085",1989-06-21,27879
308,bobby02,Henry Gibson,F,"6542 Rodriguez Center Apt. 726 Davishaven, IN 74651",1970-11-21,19510
309,kevin31,Brian Brown,F,"9556 Teresa Mountains West Jimmy, RI 80281",1974-07-11,41924
310,ymiller,Kristin Smith,M,"82288 Angela Lakes Apt. 905 New Linda, NM 24400",1997-03-20,26952
311,april88,Jose Smith,M,"3336 Susan Lakes Apt. 306 Ronaldfurt, OK 97926",2019-12-06,39589
312,slucas,Allison Burke,M,"582 Elizabeth Flat Suite 661 Lake Davidmouth, NC 95847",1994-02-22,40152
313,john33,Margaret Underwood,F,"49218 Susan Well South Courtney, NY 41012",2012-12-20,31506
314,pdelacruz,Ethan Gray,F,"5209 Joshua Gateway Apt. 694 South Deannaton, WI 75937",1988-06-14,42945
315,julia10,Brian Lee,M,"1100 Diana Mountains Apt. 161 East Calvinhaven, NE 41739",2018-08-21,40720
316,joshua31,Abigail Rios,M,"221 Albert Street Allenhaven, KS 76441",1996-06-06,49310
317,sarahnelson,Nicholas Walker,F,"081 Smith Cliffs Suite 245 Davidtown, MD 66721",1993-07-11,41034
318,lewischristy,Jacqueline Lewis,F,Unit 7389 Box 1565 DPO AP 98072,1988-03-11,37292
319,tflores,Vanessa Graham,M,"426 Lee Ville Abbottport, VA 07200",2011-10-22,24155
320,longlori,Michelle Sexton,F,"64095 Lambert Rue Apt. 113 Andrewshire, MI 63773",1974-05-02,29169
321,matthewmartinez,Stephanie Barnett,M,"7277 Joshua Crescent North Rickstad, TN 26348",1995-11-16,30841
322,jack64,Janice Smith,M,"6118 Ashley Rapids Apt. 824 Bryantstad, AR 56590",1997-02-19,42568
323,chavezstephanie,Corey Murphy,M,"35713 Rodriguez Centers Wrighthaven, WI 01550",1971-12-07,24489
324,daniel67,Susan Smith,M,"2837 Reed Spur Apt. 672 Craigfort, MT 33556",2001-08-12,29510
325,gregory88,Cynthia Harris,M,"5134 David Islands Suite 345 Port Matthewchester, MT 75133",1989-09-24,21907
326,lsellers,Nathan Ford,F,"26750 Phillips Extensions Port Kaylee, IN 58329",1997-04-14,6590
327,fbruce,James Davis,F,"528 Schultz Row Apt. 496 Lake Ryan, WV 16932",1989-09-01,18919
328,ryanstephanie,Jennifer Lopez,F,"432 Lindsey Meadow Noahview, NY 75166",1992-07-04,18518
329,colleen70,Crystal Baker,M,"267 Paige Glen New Carloston, MD 80452",1972-10-10,22566
330,karenjohnson,Lisa Novak,M,"5862 Jacobson Lakes Apt. 771 Robertshire, LA 22307",1998-09-02,40097
331,castanedamonica,Andrew Anthony,M,"1154 Alvarez Parkway Apt. 870 Thompsonland, IN 57604",1996-10-31,25136
332,william99,Kristin Taylor,M,"2146 David Key Davisland, CA 55020",2019-03-07,38040
333,schmidtlisa,Kristy Lopez,F,"924 Gonzalez Tunnel South Kristinshire, AR 72961",1973-10-25,10624
334,martinconnie,Thomas Edwards,F,"43026 Cody Springs Andrewburgh, IN 42171",2007-07-28,40786
335,shelby14,Monique Davidson,M,"69880 Sheila Green Lake Zacharybury, WI 24615",2005-10-05,23709
336,courtney26,Luis Aguilar,F,"PSC 1409, Box 2577 APO AE 81716",2000-12-17,46900
337,hsmith,Miss Melissa Peterson,F,"8423 Richard Pine Trevorchester, MT 53296",1974-04-09,38205
338,boydallen,Brianna Rose,M,Unit 3907 Box 5441 DPO AP 90336,2009-01-11,22034
339,terrellpamela,Cory Morgan,F,"3664 Emily Mall East Jenniferview, AR 09488",1979-02-23,35835
340,cruzteresa,Jose Zimmerman,F,"84863 Lance Place Apt. 650 Christopherton, NV 04489",2008-01-25,32915
341,voliver,Timothy Moore,M,USS Smith FPO AE 43663,1974-10-04,24561
342,rosejacob,Kristin Davenport,F,USS Perry FPO AE 75403,1983-02-02,48682
343,nicolas85,John Dunn,M,"2915 Sanders Course North Clayton, MS 41756",2019-05-13,44866
344,thompsonmark,Lisa Edwards,M,"4219 Ross Valley Suite 152 East Brandon, KY 38401",2012-09-24,13204
345,heather71,Isabella Palmer,F,"8775 Cole Throughway East Christopher, OH 22497",1977-10-15,37483
346,fthompson,Lauren Rivera,F,"3849 Velez Way Apt. 938 Amyhaven, TX 75723",2000-01-09,45213
347,turnermatthew,John Estrada,F,"06703 Case Circles Suite 788 Lake Heather, WY 74544",2001-06-27,27984
348,robertrice,Alicia Diaz,F,"2869 Jonathan Avenue Apt. 957 West Brandonview, RI 29969",2002-11-24,35942
349,douglaslee,Melissa Hampton,F,"504 Christensen Ramp Meghanborough, SC 00780",1980-05-02,22496
350,mikayla09,Michael Carter,M,"01984 Victoria Course Freemanberg, CA 58080",2017-06-23,18618
351,vjohnson,Wendy Soto,F,"96384 Amy Lodge Vanessahaven, RI 12648",1984-06-08,43386
352,sharonwilson,Miss Laura Jensen DDS,F,"4850 Adam Wall Hamptonside, DE 22180",1984-06-05,7701
353,tlane,David Huff,F,"2925 Kendra Mill Suite 094 New Tracychester, KS 52117",1993-12-14,31487
354,ypham,Hector Wu,F,"241 Glover Field East Janetstad, LA 88451",1984-02-09,17055
355,bryanfleming,Mark Peterson,F,"96009 David Port Gutierrezberg, NY 15443",2005-04-30,16334
356,hartmancindy,Joel Mills,F,"0684 Lauren Course South Jeff, KY 33496",1992-08-14,22079
357,joshua67,Mary Scott,M,"2473 Jason Hollow Suite 917 New Jessica, MN 77140",1971-09-24,38609
358,brownsydney,Sarah Martin DVM,F,"81949 David Meadows Suite 281 North Jose, NE 64571",1981-01-18,36836
359,flee,Zachary Cabrera,F,"345 Robert Pass Suite 701 Lisachester, MT 59835",1977-06-06,8546
360,kimjoshua,Rhonda Williams,F,"07750 Kelsey Plaza Apt. 545 North Brianna, GA 55941",2002-10-30,40741
361,donnawilliamson,Heather Mack,F,"732 Montes Curve Friedmanside, NV 77996",2003-02-02,19079
362,howevanessa,Theresa Young,M,"76426 Kaiser Rest North Dawn, IN 57103",1973-08-01,48086
363,qfreeman,Ricky Moore,M,"208 Lozano Stravenue Apt. 003 Port Meghanville, UT 51537",1970-09-09,30706
364,kingashley,Melanie Snyder,F,"9575 Christine Radial North Markborough, IN 88294",2008-06-03,44588
365,wilsonjennifer,Renee Brown,F,"394 Karen Ridges Suite 786 Mollyview, ND 48921",1971-04-21,21581
366,raymondford,Veronica Clay,F,"4236 Kenneth Passage Apt. 764 Ginaville, CT 28645",1982-10-22,19293
367,lorirubio,Ashley Deleon,M,"764 Leon Expressway Apt. 975 Lake Erikland, NJ 35097",1999-10-06,9880
368,tjones,Rebecca Wells,M,"6697 Jodi Flat Apt. 724 Burchmouth, DE 55422",2008-08-22,49080
369,whitenathan,Kevin Vargas,F,"25604 Jesse Points Suite 886 North Justinside, UT 78310",1998-08-14,32595
370,frederick84,Dorothy Reed,M,"9668 Klein Parks Apt. 212 Pamelaborough, AZ 10621",2007-03-19,33416
371,chris65,Daniel Walker,F,"014 Breanna Cliffs West Davidfort, LA 79499",1977-02-25,31691
372,brianjarvis,Ms. Jennifer Smith,M,"759 Justin Drives Jerrychester, KY 58972",1993-04-22,37595
373,brittanymartinez,Todd Burns,F,"6122 James Ridges Suite 601 Rachelside, DC 25419",1975-07-15,22995
374,hreynolds,Shawn Cortez,M,"04533 Meyer Square Apt. 500 Port Michelle, ND 27903",1996-06-10,48162
375,mortonjohn,Anna Medina,M,"017 Jones Corners Suite 653 North Ronald, MA 58728",2008-06-11,7185
376,qferguson,David Flores MD,M,"58240 Cox Mill Phyllismouth, FL 96100",1989-05-18,44715
377,gsmith,Michael Gardner,F,"8983 Jonathan Glens Apt. 819 North Jose, DC 88967",2003-12-30,22104
378,lynchapril,Brenda Villegas,M,"0697 Johnson Glens New Charlesview, FL 05699",2008-06-10,22920
379,trobinson,Nancy Watkins,F,"45865 Cannon Overpass Apt. 980 South Lisaport, KS 40178",1980-04-06,9424
380,prattdavid,John Villa,M,"5448 Green Harbors Dianeshire, KY 04379",2018-10-23,46541
381,rebekah25,Sherry Allison,M,"9025 Holly Trail Staciefort, AL 41483",2008-07-13,37690
382,anthonyerickson,Natasha Evans,M,"5952 Shannon Turnpike Apt. 943 Morganborough, HI 04116",2003-07-28,43176
383,michealtran,Cameron Rodriguez,M,"57723 Pamela Skyway Anthonystad, SD 14377",1986-12-11,48389
384,nancy10,Jonathan Cortez,M,"530 Megan Shores Escobarchester, DE 72272",2004-08-11,12412
385,hayesgerald,Jonathon Bowers,F,"1290 Theresa Oval North Henryhaven, OR 40387",2006-12-29,35657
386,jason97,Beverly Herring,M,"961 Chandler Heights Davisfort, NC 09181",2016-03-16,42532
387,lmoss,Ryan Carter,F,"817 Richard Plains Suite 586 Andrewsbury, OH 79662",2010-10-30,29511
388,leslieharris,Jillian Lee,F,"04876 Kimberly Ports Heatherfurt, ME 35179",1998-01-24,13916
389,vrodriguez,Lauren Rogers,F,"440 Alisha Key Suite 131 Port Monica, FL 30375",1970-02-19,22271
390,bryan15,Alexander Lester,F,"925 Joshua Springs Suite 395 North Janicefort, MD 86358",1996-05-20,15176
391,james95,Mark Jones,M,Unit 7078 Box 2687 DPO AE 90686,1970-02-07,44811
392,monica06,Mr. Joel Moore,M,"26213 Amanda Crest Bethstad, FL 77404",1994-07-11,23779
393,kstuart,Jeffrey Wright,F,"6407 Kathleen Neck Suite 074 Lake Brucefurt, FL 23168",2009-02-06,46284
394,josephjessica,Rebecca Winters,F,"941 Clayton Wells Ellisport, OK 02404",1997-11-12,36570
395,gonzalezlance,Michael Garcia,F,"38489 Murphy Inlet Apt. 452 Pacemouth, SD 63462",2001-08-04,30744
396,courtneyparrish,Terry Robinson,M,"4176 Lopez Ramp Simpsonberg, MD 20780",1982-01-27,31431
397,jessicaallen,Heather Howard,M,"876 Grimes Mission Apt. 593 Leahshire, VT 64276",1989-05-19,6530
398,scottlang,Terry Hayes,M,"05074 Phillip Row Apt. 519 Williamsview, MT 70650",2014-02-03,37134
399,ayalavictor,Scott Gutierrez,F,"797 Perry Trail Apt. 463 South Courtneystad, DC 84587",1990-04-06,11832
400,alvarezrebecca,Richard Boyle,M,"69519 Douglas Haven Craigborough, WI 03528",1975-07-31,11044
401,krystalowens,Jerome Ross,F,"839 George Lake Ryanmouth, MN 93270",1997-07-19,19241
402,christinamedina,Holly Morrison,F,"5359 Jenkins Port Transtad, DC 97599",2000-10-16,16363
403,elizabethnunez,Cynthia Hernandez,F,"872 Cynthia Branch Alexanderland, CT 17851",2011-12-14,17561
404,jessica94,Brenda Davis,F,"068 Rios Manors Apt. 789 North Georgeborough, HI 20268",1977-12-05,6636
405,robertsondavid,Erik Serrano,F,"21946 Smith Village Apt. 587 North Karen, MD 76035",1980-08-19,9312
406,fschneider,Cassandra Cooper,F,USCGC Sanchez FPO AP 66437,2013-08-06,21749
407,samantha37,Dr. Greg Copeland,M,"11329 James Mews East Brenda, GA 43343",1988-06-24,47091
408,samantha44,James Mullins,F,"10906 Richard Expressway Suite 954 Jillianview, ND 78643",2014-11-21,46292
409,hamiltonmichael,Alex Richardson,M,USCGC Marquez FPO AP 92869,1998-06-12,42557
410,gainesbryan,Mrs. Ashley Jenkins DDS,F,"5684 Little Brook New Lisa, MI 40936",1993-05-12,17036
411,tylergomez,Jeffrey Johnson,M,"514 Garcia Path Apt. 541 North Jennifer, ME 88112",1976-09-24,10536
412,thomas19,Tim Spencer,M,"368 Tamara Spurs Victoriaside, KS 67300",1991-08-05,39343
413,bperry,Matthew Mitchell,F,"8301 Brittany Wells Perryshire, KS 75949",2015-04-05,39195
414,xmendez,Cody Howard,F,"877 Allen Fall Apt. 325 North Mistyhaven, LA 91084",1979-07-08,24087
415,sarah75,Bianca Powers,F,"5888 Berger Falls Suite 164 South Haroldmouth, ID 97774",1995-01-28,26940
416,greenshirley,Elizabeth Harrison,M,Unit 6374 Box 5578 DPO AE 20692,1997-05-26,40618
417,wpeterson,Rita Boyle,M,"310 Christina Trace Suite 390 Daniellefort, NM 68288",2003-10-15,15051
418,jeffreymoore,Lauren Morrow,F,"777 Griffith Village Apt. 667 South Amandabury, HI 35104",1982-10-31,48544
419,jeremy54,Leonard Alvarez,F,"874 Thompson Ridges Woodsville, OR 71776",2003-10-28,10489
420,coloneddie,Jeffrey Young,M,"663 Wheeler Route Suite 824 Danielburgh, NJ 93100",1972-09-19,48501
421,rodriguezchristopher,Chelsea Weiss,M,"49155 David Row Suite 910 Sandersburgh, WA 36874",2005-01-02,33499
422,joshua79,Jared Ayala,F,Unit 3170 Box 4425 DPO AP 99725,2008-02-09,48336
423,ohudson,Marie Ross,F,"3051 Stafford Ports Suite 767 North Shirley, IA 49940",2000-07-18,6717
424,debbie00,Kenneth Guerrero,M,"094 Cooper Mount Suite 159 Gilmoreport, MS 64197",1982-02-09,25860
425,lancehatfield,Erica Wright,M,"6593 Daniel Roads Suite 910 South Carol, ND 42632",2016-09-10,42767
426,weavercourtney,Andrew Andrews,M,"0936 Cheryl Shoal Morganton, IN 04634",2000-03-22,36618
427,bondjennifer,Steve Ross DVM,M,"60945 Luis Turnpike Apt. 274 Anthonyview, MO 59720",1989-07-22,36923
428,charleshoward,Mary Arnold,M,"6902 Walter Expressway Hernandezborough, OH 70571",1996-11-30,16580
429,stokeschad,Adriana Harris,F,"62616 Jackson Crescent Torreston, WI 80375",1990-09-24,9679
430,wallacevalerie,Michael Perry,M,"727 Roy Skyway Suite 564 Hughesborough, GA 19346",1990-09-26,7350
431,hollyturner,Joseph Martin,M,"62527 Daniel Mission Apt. 749 Halechester, WI 65442",2002-08-29,28728
432,kaitlynbarker,William Collier,F,"32700 Oliver Passage Suite 476 Figueroastad, MA 85769",2006-04-21,12311
433,laurencastillo,Michael Fry,F,"2713 Williams Haven Romeromouth, OR 18398",1994-08-09,25367
434,jeffrey60,Elizabeth Gallagher,M,"84569 Dixon Crossing South Thomas, WI 66371",2003-03-09,27902
435,tiffany82,Michelle Watkins,F,"18393 Valerie Forges Suite 174 South Ashleyside, TN 25973",2001-06-30,26040
436,johnsonjulie,Sherry Wright,F,USNS Thomas FPO AA 60057,2020-01-27,10490
437,dannybraun,Mark Long,F,"55882 Peterson Rest Apt. 768 Clarkborough, NC 91588",1987-02-28,13000
438,schneiderwalter,Randy Martinez,M,"3839 Ricardo Stravenue Elliottshire, AL 64317",1976-11-06,29414
439,sarahnoble,Craig Carpenter,F,"11889 Griffin Knolls Kellytown, AK 92093",2009-07-01,45400
440,clarkrobert,Jennifer Whitaker,M,"6545 Donna Causeway Suite 837 North Heather, CT 11365",1988-12-05,26060
441,shirley35,Julie Weaver,F,Unit 3321 Box 6168 DPO AA 98379,1988-02-20,9396
442,julie43,Edward Young,M,"7511 Abigail Wells Apt. 858 Alexandermouth, WV 28020",2011-08-01,41942
443,katie40,Garrett Berg,M,"248 Floyd Road Sotoland, WI 01127",1993-02-18,16190
444,greencharles,Jeffrey Burnett,M,"PSC 8699, Box 5587 APO AE 30782",1991-01-25,7690
445,ohuffman,Dave Price,F,"69874 Kristina Walk Apt. 401 Warrenfort, CT 00889",1977-07-18,41697
446,melendeznancy,Amanda Campos,F,"49520 Tricia Trace Lake Robertfurt, WV 62061",2006-12-27,32800
447,beckytorres,James Schwartz,M,"66665 Heidi Center Port Jessicaton, ME 19782",1995-07-07,27520
448,qstout,Joseph Sanders,F,"4708 Daniel Mountain Suite 757 Danahaven, CO 19709",1979-03-05,11196
449,ronniecollins,Amanda Coffey,M,"3290 Strickland Unions Annville, NM 27937",2017-11-27,44232
450,pruittjames,Jose Mccoy,M,"7513 Rebekah Squares Port Gregory, AR 37516",2008-10-12,22076
451,rgarcia,Ronald Meyer,M,"43347 Ann Turnpike Annaton, MI 98597",1988-04-18,27891
452,ojacobson,Erin Myers,F,Unit 0992 Box 3298 DPO AP 73121,1974-08-15,28045
453,gregory10,Linda Austin,F,"7549 Julie Flat Apt. 869 North Jennifer, NV 44391",2011-01-26,35205
454,sarah50,Michelle White,F,"678 Jamie Pike West Natalie, ID 10191",1970-08-30,24375
455,james54,Joshua Whitehead,F,"94774 Joe Cove Clarkeport, NV 18065",2005-03-26,38818
456,gjohnson,Angelica Downs,F,"646 Smith Stravenue North Jillchester, DC 31810",1995-01-04,22254
457,michael42,Paul Barnes,M,"40935 Nancy Rue Suite 071 Harrellside, LA 84912",1971-02-09,16360
458,michaelfrederick,Angela Hill,M,"43265 Linda Square Josephstad, IN 43967",2005-11-23,8295
459,kevin07,Melissa Snyder,F,"0624 Hansen Trail Flemingborough, IL 36241",1984-12-08,49808
460,wjohnson,Jason Jacobson,F,"70595 Adam Unions Apt. 423 North Sandrachester, MA 71671",1970-08-16,37475
461,tracyparker,Kenneth Tate,F,"73110 Angela Underpass Rickhaven, SC 96925",1997-01-23,41235
462,shawconnie,Christopher Hull,M,"48750 Julie Orchard Apt. 683 Deborahmouth, IA 72643",1980-07-07,11181
463,hrice,Craig Ellis,M,"91711 Rodriguez Expressway Suite 758 West Duanemouth, TX 11658",1995-11-10,13578
464,williamroberts,Kelly Hernandez,M,USNS Dean FPO AP 19638,1987-08-23,28539
465,jerome73,Mark Martinez,F,"07369 Kelsey Rest Apt. 573 Jamesfurt, PA 63329",1980-01-05,14489
466,lisacooley,Penny Hoover,F,"810 Wagner Ports Johnsonmouth, ID 25280",1986-06-17,32526
467,fharris,Sherri Fuller,F,"27771 Rebecca Forge Suite 738 Port Robert, KY 15752",1981-11-28,20491
468,uperry,Tara Hansen,F,"3073 Manning Lock Suite 208 Dawnshire, OR 82686",2004-02-29,39964
469,sarahhall,Elizabeth Howard,F,USNV Garcia FPO AP 44409,2014-06-08,32098
470,wsmith,William Newton,F,"85853 Seth Trail Smithshire, NE 69298",1990-10-18,26180
471,jenny36,Jennifer Thomas,M,"07577 Chapman Garden Apt. 561 East Cory, MT 86611",1972-03-22,25014
472,donnasmith,Jennifer Carlson,F,"963 Richard Court New Josemouth, WY 50932",2010-01-21,8922
473,eringreer,Shelley Gordon,F,"PSC 7075, Box 0499 APO AA 37029",2018-01-30,47692
474,lisamurray,David Young,M,"820 Koch Streets Blackburnport, MO 06671",1993-04-22,37250
475,lori98,Mark Smith,M,"PSC 9570, Box 6588 APO AA 14606",2013-09-17,9078
476,mathewsjoseph,Tyler Buchanan,M,"07873 Kimberly Green New Alexis, KY 18912",1973-12-11,24370
477,bwalker,Samantha Tucker,M,"35032 Joseph Ways Lake William, KY 88367",1993-08-31,18109
478,afrancis,Katherine Gordon,M,"799 Paige Mountains Suite 808 Johnathanburgh, TX 57882",1987-08-18,43986
479,john53,Daniel Smith,M,"464 Melissa Corners Apt. 391 New Johnborough, OH 85150",1987-06-09,49369
480,mitchellandrew,Alexander Ruiz PhD,M,"PSC 2743, Box 8421 APO AA 77681",1989-05-13,37722
481,pwalker,Jessica Alexander,M,"47954 Jackson Tunnel Apt. 333 West Timothyfurt, NC 42966",1999-10-25,24481
482,hartmark,Chad Lee,F,Unit 4679 Box 2855 DPO AA 02150,1996-07-22,13845
483,eduardo52,Jason Jones,F,"PSC 8383, Box 2457 APO AA 35627",1988-10-10,29560
484,donald18,Heather Garcia,F,"4503 Allen Mission Suite 295 Kaitlinside, RI 88594",2006-08-17,44785
485,taylorhoover,Todd Santiago,F,"58184 Aaron View Suite 368 Lake Karenchester, PA 90634",1998-01-15,18820
486,haley86,Joseph Andrews,M,USNS Miller FPO AP 55105,1997-03-01,24043
487,wrightnancy,Michael Griffin,F,"PSC 8490, Box 8264 APO AA 79608",2008-03-10,32878
488,sarah68,William Hanna,M,"25867 Miller Pike Christophermouth, IA 49308",2012-07-06,25039
489,martindeanna,Mr. Thomas Foster III,M,"265 Tanya Key Suite 043 Port Stephen, OK 63247",1991-09-16,15519
490,torreskathy,Heather Newman,F,"85010 Samantha Loop East Sarah, UT 49429",1988-12-06,7114
491,ngalloway,Larry Boyd,M,"04623 Hansen Throughway Joycefurt, NJ 42200",1975-11-04,49570
492,samuel76,Steven Kelley,M,"0273 Margaret Rest Tristanmouth, NE 46068",2018-01-31,7697
493,uflores,Ethan Fleming,M,"63234 Hall Glen West Erin, AK 47563",2020-05-08,38225
494,haley20,Lucas Erickson,M,"503 Joshua Squares Suite 692 Jacksonshire, VT 73325",1999-09-05,17077
495,teresaswanson,John Collier,M,"641 Ayala Springs Apt. 412 Jasontown, AL 14566",1981-06-14,28307
496,ryanmosley,Julia Cooley,F,"19471 Ronald Divide Apt. 061 Galvanland, GA 88943",1986-04-21,18064
497,vhuang,Lisa James,M,"70778 Walker Street Amymouth, CA 57990",1991-07-15,29328
498,sarahduke,Larry Francis,M,Unit 4390 Box 8562 DPO AA 99748,1983-10-01,38342
499,brownjoseph,Paul Williams,M,"757 Burns Causeway Robertmouth, NY 04837",2016-09-18,19058
500,janet72,Sylvia Gordon,F,"516 Smith Roads Suite 251 South Phillipfort, PA 61738",1994-01-12,32166
501,kyle14,Katherine Hudson,F,"5306 Tricia Fords Suite 604 Rebeccaside, NV 90109",2020-09-18,44028
502,amandastewart,Donna Evans,M,"868 Brock Shores Suite 421 East Alyssa, OR 54734",1975-11-22,44335
503,tonya75,Andrew Williams,M,"11943 Turner Mews Suite 739 Lake Brianberg, MN 64722",1999-02-18,13542
504,williamsandrew,Sarah Richard,F,"3116 Dean Lane Port Martha, AR 10989",1998-08-31,13672
505,amberlarson,Paul Thomas,F,"026 Cunningham Estate Davidborough, NH 21777",1989-03-07,26523
506,tonya43,Douglas Romero,F,"115 Eric Isle Suite 771 Kathrynberg, AL 00550",1978-06-12,40424
507,thomassarah,Lauren Joseph,F,"91022 Ryan Road Suite 114 Port Samuel, LA 51020",1997-09-17,48926
508,kimberlyanderson,Angel Carter,M,"306 Jimenez Glens Suite 701 Anitahaven, UT 60027",2004-11-04,13934
509,yjacobs,Erin Jordan,F,"4648 Turner Pine Suite 111 North Christinaland, AZ 01153",1991-03-01,13157
510,austin00,Mr. Michael Lewis,M,"80885 Klein Keys Andersonburgh, NV 94459",1972-06-03,39837
511,ttaylor,Shane Powell,F,Unit 1661 Box 1267 DPO AA 05711,1988-03-29,38640
512,gblair,Amanda Chavez,M,"894 Kline Fords Apt. 603 Goldenchester, CT 04902",1972-10-19,11759
513,dhernandez,Kimberly Pace,M,"50724 Kelly Greens Lake Vanessahaven, MS 55211",2016-03-17,42460
514,williamsdonna,Sean Ibarra,M,USCGC Washington FPO AE 27403,1990-05-21,19706
515,tammy44,John Smith,F,"9795 Charlene Knoll Suite 694 North Sarah, MN 66668",1974-09-28,23797
516,flemingtheresa,James James,M,"260 Joseph Oval South Bradville, NC 24225",1972-08-08,21052
517,wrobinson,Bryan Murphy,M,"665 Daniel Keys Martinezmouth, VT 87284",1986-08-29,24540
518,bowmanbradley,Michelle Mills,M,"96381 Goodman Canyon Apt. 121 West Thomas, WI 39261",1998-04-27,14281
519,patriciawilliams,Samantha Gray,M,"1698 Shannon Trail Henryburgh, AL 50807",1979-07-29,20615
520,claudia13,Mark Ford,F,"32245 George Oval Kimberlyfurt, NM 22305",2015-07-07,40761
521,sara65,Kristen Brown MD,M,"0175 Valerie Light Edwardside, AR 39469",1970-01-21,13161
522,gmiller,Tracey Schroeder,M,"47606 Patrick Burg Apt. 452 Amyton, ID 96600",2010-06-04,27885
523,pphillips,Jonathan Leon,M,"9367 Meredith Fords Apt. 356 Christinaburgh, AR 25279",1979-08-29,46069
524,farrelllori,Robert Brown,F,USNS Mcgee FPO AA 60537,1971-06-27,17560
525,priddle,James Mcmillan,M,"596 Meghan Lock South Gina, IL 45083",1974-04-21,29927
526,lauren87,Jeffrey Castaneda,M,"439 Cathy Trail Apt. 465 Joshuatown, AL 45703",1984-04-09,38149
527,wintersbenjamin,Sarah Campbell MD,M,"33895 Andrade Valleys Suite 173 North Jeffreyborough, RI 96884",2017-09-10,43528
528,sarah00,Danny Thomas,M,"125 Rose Mountains Apt. 014 South Shannon, FL 84119",2011-01-16,48006
529,andersonjoe,Jessica Buckley,M,"24182 Woods Ford West Stephanie, FL 74925",1978-04-30,36564
530,erikwilliams,Brad Hall,M,"16522 Justin Plaza Kathleenhaven, ME 70545",1984-08-14,27944
531,danielmartinez,Steven Ortiz,M,"78361 Ewing Coves Downsborough, NV 22708",1980-09-20,19297
532,vcobb,Mary Brown,M,"23393 Martinez Ports Apt. 813 Novakland, LA 57406",2002-05-09,18659
533,anitadurham,Timothy Roy,M,"5449 Oconnor Dale Apt. 930 South William, NJ 89665",2011-05-25,12219
534,andersonjennifer,Sean Cabrera,F,"8196 Steele Coves Thomasland, AR 01833",1975-04-06,25869
535,mwilliams,Jeremy Jones,F,"4143 Haynes Locks Apt. 921 Davidland, IN 50379",1973-10-13,29774
536,kevin42,Ray Smith,F,"726 Burns Spurs Suite 337 Jonathanstad, CT 00716",2002-02-08,44098
537,cheryl22,Dr. Michael Sutton,M,"66982 Rodriguez Points Port Edwardberg, MD 21076",1976-05-15,18727
538,kevin17,Jamie Cooper,M,"4067 Reyes View Apt. 730 East Betty, AZ 13264",1996-03-23,36020
539,claire21,Terry Mckinney,M,"6882 Tiffany Mall Suite 321 South Kaitlin, GA 90960",2017-04-17,21370
540,brenda50,Gary Foster,F,"68161 Jenkins Stravenue Lake Samuel, KS 72602",1986-07-10,43308
541,goodmanmary,Elizabeth Thompson,F,"28935 Walker Road Apt. 233 Aprilport, AL 42417",2019-04-01,38348
542,nicolehernandez,Timothy Smith,M,"3214 Potter Rest Steeleborough, AZ 49837",1977-07-11,25568
543,tylergarrison,Shaun Jimenez,M,"3711 William Stravenue Apt. 237 Carrollmouth, KS 24890",2000-10-13,46731
544,kathryndavis,Richard Walker,F,"0705 King Expressway West April, MI 15382",1993-05-22,6316
545,kathrynjones,Pamela Brown,M,USCGC Mays FPO AE 71006,2013-07-10,23624
546,joseph42,Victor Wilson,F,"3559 Lee Fords Suite 356 North Allison, MS 83227",1979-06-24,46163
547,melissa89,Amanda Palmer,M,Unit 3259 Box 8169 DPO AA 18604,1993-03-02,44907
548,kevinrichardson,Ethan Bradley,M,"272 Donald Lake Sandraview, LA 24441",2016-03-08,19152
549,warrenlori,Timothy Ali,F,"1057 Baker Views Apt. 066 Joseburgh, IL 61653",1970-04-20,34480
550,whitakerthomas,Victoria Cross,F,"575 Sean Rapids New Lindsay, AZ 60739",1989-07-12,37558
551,simonmichael,Scott Fischer,F,"670 Rice Tunnel New Jacobburgh, CO 88659",2013-08-23,44159
552,maynardalexis,Eric Baker,F,"770 Rebecca Gateway Kerrichester, AL 54679",1996-10-01,11605
553,matthew33,Karen Cherry,M,"942 Garcia Mills Lake Michael, IN 78637",2007-11-25,23236
554,handerson,Mrs. Danielle Wilkinson MD,M,USNV Taylor FPO AA 01495,2003-11-29,44361
555,alexandria03,Stephanie Stewart,F,"0606 Johnson Curve Suite 744 Coxmouth, IN 51823",1974-05-16,21421
556,xlewis,Robert Barry,M,"0727 Jason Lane East Steven, ME 49699",2007-04-11,38301
557,trosales,Terry Oliver,F,"992 Madden Estate Stuartshire, CO 08074",1984-09-06,47678
558,james79,Melissa Sharp,M,"8859 Bass Path East Katherine, HI 12396",1984-11-04,35339
559,snydercynthia,Joseph Cole,M,"9928 Matthew Gardens Mejiafort, NY 89386",2016-06-05,32137
560,debra27,Peter Stevens,F,"PSC 8043, Box 4635 APO AA 29089",2020-02-13,39374
561,rebekahmartinez,Edward Humphrey,M,"83987 Mccoy Valley Reevesmouth, NV 88345",1982-05-05,24638
562,ronald98,Corey Shah,M,"440 Sean Wells Christopherbury, MD 04642",2000-05-02,39527
563,zyork,Peter Davis,F,"4706 Baker Port West Dennis, OK 88956",1989-09-12,41495
564,austin93,Jesse Huff,M,"46186 Brian Branch Suite 852 South Dominiqueport, TN 73367",2003-07-25,39000
565,alyssabarnes,Jesse Jimenez,F,"256 Sara Lakes East Melissabury, WV 90168",1971-04-29,20899
566,samueldunn,Paul Mckinney,M,"456 Joy Cove Lake Shannonberg, NY 63652",1989-09-07,19949
567,arthur76,Deborah Wyatt,M,"8931 Nathan Center Suite 470 Port Jacqueline, OH 99380",2019-10-31,20858
568,brittany45,Benjamin Hodge,M,"1302 Jeffrey Streets Suite 200 Martinland, OR 34477",2008-08-17,27669
569,kenneth56,Beverly Sullivan,F,USNV Hicks FPO AE 18978,1981-05-17,27408
570,andre78,Shari Howard,F,"698 Maria Ferry Port Kayla, WA 19424",1985-06-07,24936
571,sierracochran,Aaron Estrada,F,"896 Robert Dam Apt. 314 North Kimberlyview, VT 53932",1978-07-14,25448
572,riverajeremy,Lynn Haas,F,"636 Andrew Haven Cohenfort, NM 72913",2018-02-09,43315
573,wesleybarry,Travis Hernandez,F,"7927 Johnson Knoll Alyssaville, OR 71153",2020-02-10,35806
574,sheryl74,Kari Watson,F,Unit 6610 Box 7820 DPO AE 47384,1980-10-18,34946
575,bcaldwell,Roy Hoover,M,"872 Thomas Valleys Michelehaven, WI 89500",1986-08-28,28470
576,ewingtheresa,Jennifer Sanchez,M,"132 Sharon Spring Apt. 865 North Jamie, AZ 22153",1982-03-29,48319
577,dianajefferson,Rebecca Smith,M,"353 Carney Bypass West Mariaton, IN 64492",1993-07-30,31800
578,ericmurphy,Lindsey Yoder,F,"0842 Carr Light Suite 290 Jessicaburgh, KY 65267",2016-09-19,47601
579,jessica53,Ian Hale,F,"79389 Christina Walks Apt. 441 South Geraldport, DC 11669",1991-07-21,24346
580,victoria24,Dr. Joseph Rodriguez,M,Unit 8539 Box 5955 DPO AE 68535,1986-09-24,27193
581,mcdowellolivia,Kimberly Smith,M,"990 Kelly Avenue Michaelfurt, AR 91092",2003-10-09,20488
582,taylor68,Scott Howard,M,"6010 Jill Lake Apt. 264 Port Bradleyside, DC 24640",1991-07-21,16690
583,sabrina34,Richard Williams,F,"86799 Glenn Tunnel West Alexanderville, OK 59929",2012-10-07,44969
584,laura65,Susan Davenport,M,USCGC Newman FPO AA 97104,1980-06-18,43797
585,tjohnson,Raymond Ortiz,F,"3666 Dana Island Apt. 909 North Charlestown, NE 24870",2012-10-10,45278
586,mcmahonmark,Daniel Ho,M,"8517 Glen Rapids Apt. 813 Marytown, TN 97138",2016-04-08,17221
587,jonathanwilliams,Kelly Jimenez,F,"4084 Sandra Oval East Mary, VA 46374",1986-02-11,11769
588,butlertimothy,Carlos Hoffman,F,"200 Boyer Vista Suite 671 Kaylastad, OH 23543",2004-07-17,7447
589,micheal78,Amanda Jones,F,"24781 Cochran Estate Apt. 512 West Jeffreybury, TN 17864",2005-12-11,31144
590,gregorybranch,Karen Hall,F,"8082 Ruiz Terrace New Victorport, DE 63119",1979-08-01,27118
591,fernandezjessica,Robert Dean,F,"5983 Hannah Well Apt. 465 Kylechester, CO 03071",2013-12-02,34519
592,anita62,Dominique Cooper,F,"99770 Derek Landing Suite 780 North Joshua, MT 68482",2003-07-25,36252
593,april05,Ashley Francis,M,"382 Patricia Lock Apt. 602 Gomezchester, NM 96054",2008-12-14,11847
594,aaron64,Kayla Shepard,M,"509 Tanya Valley Hicksshire, MN 34705",1997-05-20,25453
595,alecprice,William White,M,"953 Kathryn Tunnel Suite 944 Bennettborough, IL 59827",2016-08-31,32181
596,christopherkrueger,Sherri Colon,F,"330 Lee Vista New Seanburgh, MS 97297",1994-09-20,6146
597,amy05,Jessica Torres,F,"434 Johnson Forest Apt. 624 Kennethbury, TX 22367",2004-07-28,7610
598,robert05,Jennifer Rodriguez,M,"797 Ortiz Drives West Brittanyshire, NV 01186",2018-10-31,6572
599,robert59,Joseph Rodriguez,F,"6776 Christine Turnpike Suite 954 Johnmouth, WA 47482",1994-07-04,45369
600,normanrichard,Kimberly Allen,M,Unit 5373 Box 6984 DPO AA 64936,1992-09-15,41821
601,jamesmitchell,Elizabeth Parker,M,Unit 9755 Box 6963 DPO AE 06551,1973-06-11,43890
602,ronald58,Daniel Cook,M,Unit 6515 Box 4848 DPO AP 14776,2004-11-25,47485
603,alevine,Carmen Freeman,F,"47558 Molly Expressway Apt. 940 Nicholeport, NC 46472",2013-08-26,39381
604,jason53,Sean Hall,M,"5233 Blake Corners Suite 127 Lake Juliemouth, NV 87799",2013-05-20,10554
605,hmckay,Willie Kim,M,"340 Jessica Wells Apt. 931 Meganbury, MI 76976",1981-11-16,23984
606,jonathan05,Melissa Ramirez,M,"097 Burgess Park Rosschester, IA 32981",2015-02-12,37231
607,ytucker,Mr. Calvin Diaz,F,"5175 Ruiz Plains Suite 157 Melodyview, IL 76514",2012-02-03,14310
608,wilkinsonstephanie,Sherry Bell,F,"2984 Gonzalez Rest Apt. 461 West Melindaburgh, NY 94823",1979-10-26,18174
609,xbryan,John Smith DVM,F,"80495 Byrd Plaza Loriburgh, MA 83196",1990-09-06,45555
610,steven90,Dr. Kayla Howell,M,"709 Lori Walk Suite 795 East Wesley, NH 79732",1978-08-26,49390
611,betty70,Rebecca Lester,F,"416 John Lodge Suite 058 Robertbury, WY 04516",2002-11-17,6326
612,hayleybell,Joshua Burton,F,"2505 Bryan Isle Suite 845 Port Jeffrey, TX 25262",2003-07-02,35447
613,brian40,John Wright,M,"16009 Johnson Canyon Suite 579 Sharonmouth, NM 93841",2007-02-02,24826
614,sherry14,Benjamin Hamilton,M,"PSC 3143, Box 2344 APO AP 68144",2004-11-03,20355
615,icarr,Rose Carrillo,F,"7069 Barr Drives Charlesburgh, ID 97854",1999-02-09,49695
616,anthony61,Joseph Robbins,F,"492 Scott Prairie Suite 433 Lake Mitchell, VA 64481",1983-10-10,19640
617,charlessmall,Jennifer Erickson,F,"633 Carter Forge Suite 608 West Briana, NV 65398",2015-12-09,28692
618,rogersandrew,Valerie Rosales,F,"1452 Brown Camp West Brianville, CA 68884",1988-07-21,11232
619,stevensjoshua,James Lopez,F,USNV Harris FPO AP 84828,1970-04-13,7235
620,steven69,Victor Beltran,F,"4055 Jerry Fords Apt. 895 Stephenborough, ME 01023",2001-05-15,22566
621,aanderson,Joy Hill,F,"59194 Lam Ports Roseberg, NM 96483",2019-03-09,34922
622,lindajenkins,Paul Cole,F,"469 Pierce Parkway Apt. 247 Andreaton, AK 98253",1975-07-28,42193
623,fshelton,James Kelly,F,USNS Frank FPO AP 05924,2010-10-07,47117
624,kphillips,Courtney Chavez,F,"9329 Ford Crossing West Christineside, NE 50090",2004-11-11,7242
625,owilson,Michael Scott,M,"2541 Angelica Mill North Brianland, AL 47979",1986-07-15,6020
626,morgan43,Erika Jones,M,"740 Barnes Landing South Kaylaborough, SC 60614",1970-10-24,16466
627,vbyrd,Seth Watson,M,"6854 Robert Motorway Stevensview, IA 32915",2017-03-12,45600
628,tthompson,Sarah King,M,"93784 Linda Stream Leemouth, AZ 48327",1978-04-01,47055
629,rrodgers,Tamara Adams,F,"4182 Kelley Knoll Apt. 886 Crystalstad, TX 42638",2012-05-04,31663
630,johnsonnicholas,Samuel Alexander,F,"3035 Shaw Club Suite 258 Port Olivia, KS 53324",1991-01-07,6394
631,michael01,Keith Browning,M,"918 Knox Mill Villamouth, AK 12222",1995-03-24,31259
632,medinatodd,Jonathan Clark,F,"299 Klein Parkways Lake Erin, IL 91081",1982-09-23,13565
633,rhoward,Joseph Stevenson,F,"3597 Natalie Parks Suite 696 Reedmouth, HI 23017",1989-03-09,21744
634,haleyjacobson,Mark Arnold,M,"1397 Nicholas Burg Meganstad, NE 52553",2009-12-13,9401
635,jgomez,Matthew Chan,F,Unit 0748 Box 2704 DPO AE 67299,2011-07-02,45212
636,gregoryduncan,David Parker,F,"86700 Nicole Extension Suite 313 Tammyside, IN 55101",2020-05-20,43453
637,pgibson,Keith Jensen,M,"995 Ford Land Apt. 028 Alexisburgh, VT 65098",1991-12-18,44094
638,joshua37,Mrs. Patricia Nelson MD,F,"867 David Squares Suite 349 Danielborough, ND 12259",1975-08-14,42402
639,klopez,Ashley Murphy,M,"75386 Kidd Haven Apt. 994 North Maureenshire, RI 07502",1975-06-26,32638
640,moralesmelissa,Karen Watson,M,"079 Jonathon Flats Port John, PA 30426",1973-01-30,41113
641,valenciamonica,Peter Garcia,F,"PSC 1142, Box 8593 APO AA 99242",2011-05-08,37941
642,jeffersonjohn,Jonathan Perry,F,Unit 6679 Box 1627 DPO AE 73112,2005-01-09,34892
643,watsonalexis,Jason Marsh,M,"33292 Amber Ridge South Jonathanberg, TX 20995",1974-08-16,34442
644,isaiah97,Michelle Scott,M,"870 Diaz Roads Jonestown, MT 90322",1977-02-17,8389
645,william17,Logan Luna,F,USNS Hernandez FPO AP 80338,1970-12-20,13773
646,lindaweaver,Laura Chambers,F,"389 Sara Manor Maryhaven, ND 28441",1981-04-06,19916
647,cassandra54,Joshua Dunn,M,"7295 David Garden Lake Margaret, VT 20064",2008-02-20,13149
648,elliottbrandy,Courtney Perry,M,"2202 Taylor Junction Suite 377 Carlamouth, MS 55895",1991-09-17,44534
649,savannah25,Dr. Tony Fletcher,M,"2869 Williams Way East William, MS 87726",1974-04-09,27622
650,rwilson,Carlos Smith,M,"038 John Islands Suite 017 Theresashire, GA 05653",1980-08-13,15833
651,abarr,Sonya Smith,M,Unit 8682 Box 1293 DPO AA 21732,2004-08-19,44715
652,olivia50,Bradley Harris,M,"742 Thomas Throughway Suite 652 East Benjamin, IN 37884",1977-11-20,7201
653,ronald62,Aaron Martinez,F,USS Schneider FPO AP 23001,2013-04-24,26741
654,breanna81,Matthew Jackson,M,"160 Frank Pine Carrburgh, VT 78645",1978-02-27,43544
655,wrodgers,Timothy Williams,M,Unit 9336 Box 9069 DPO AA 97149,1990-09-13,12176
656,jenniferbarnes,Matthew Cox,F,"52881 Henderson Alley New Mia, NC 34069",1992-07-27,41298
657,christopher46,Abigail Williams,M,"63121 Glenn Harbors Suite 946 Bergermouth, IL 86907",1971-06-14,10935
658,alejandroholmes,Charles Morrow,F,"88988 Lopez Mission Mccarthyberg, IL 34008",1975-10-21,43085
659,christinacarr,Mary Sampson,M,"3384 Jacob Knoll Apt. 484 Lake Vickie, GA 91912",2007-11-15,29422
660,bvaughan,Jamie Cruz,F,"6942 Blair Heights Suite 068 Ronaldton, MS 20765",2014-11-06,6105
661,brandon96,Jonathan Davis,M,"18043 Chavez Ports Apt. 501 Reedstad, CT 62130",2010-01-27,8679
662,cummingsjennifer,Jason Bolton,M,"21210 Donaldson Radial Suite 207 East Natalie, IA 27720",1986-03-30,43815
663,hannahsilva,Charles Davis,F,"5952 Chavez Shoal Suite 790 East Brandon, IA 19429",2010-09-22,18255
664,veronica40,Joshua Martin,F,"273 Brown Circle Apt. 512 Port Taylor, SD 17649",1985-09-27,44044
665,aramirez,Daniel Smith,M,"5880 Yates Isle Suite 464 New Sallyfurt, WI 05429",1972-01-07,9796
666,bennetttroy,Cathy Carson,F,"78365 Mary Dale Suite 092 South Elizabethstad, NH 58381",1981-10-09,11711
667,rwalker,Mary Wallace,F,"3222 Samuel Forest Apt. 436 Larsenchester, GA 95885",1983-03-28,8424
668,rrivera,Randy Pierce,F,"573 Perry Forks Liuport, RI 27866",1998-05-30,35066
669,kanedonna,Cathy Oliver,M,"12484 Nathan Keys Apt. 508 East Robertbury, KY 00608",1972-12-16,11967
670,leonardhughes,Robert Gross,F,"PSC 3382, Box 7720 APO AE 71246",1992-03-25,40635
671,wsummers,Joseph Yang,F,"22711 Kathryn Creek West Joyville, AZ 15651",2001-01-01,20289
672,pwaters,Denise Williams,F,"103 Maria Brook Apt. 662 West Brian, WV 08806",2020-01-27,42122
673,hardinmarcus,Briana Robinson,M,"PSC 5767, Box 5850 APO AA 43053",1986-05-02,38423
674,tayloraaron,Rebecca Porter,M,"626 Lori Turnpike Port Gregoryberg, RI 86140",2020-11-29,49530
675,hernandezlindsey,Nicholas Austin,M,"47040 Reese Branch East Kelseychester, NE 00830",2001-05-27,19613
676,sarahjohnson,Laura Ramos,M,"30946 Atkins Mountains Vaughnshire, CA 50571",1982-04-10,14113
677,cheyennehoffman,Brenda Young,M,Unit 9296 Box 8264 DPO AP 09204,2013-11-18,29950
678,tbender,Jasmine Jenkins,F,"86845 Bell Isle Apt. 341 Lake Maria, AL 97375",1974-08-31,6388
679,michaelortiz,Claire Schultz,M,"85955 Adam Lake Breannastad, MI 02289",2016-11-13,10132
680,edward11,Crystal Weiss,F,"83609 Williams Trace Apt. 009 Cervantesberg, TX 42035",1992-12-12,14475
681,austin26,Megan Stewart,M,"9910 Michele Mission Apt. 217 Hannahland, MT 96076",2017-12-20,32533
682,rollinsrebecca,Brady Thomas,M,"PSC 3624, Box 8524 APO AE 01145",2006-08-08,47036
683,peterbrown,Jonathan Carroll,F,"67719 Michael Spur Suite 575 Lake Tom, CA 97755",1996-08-09,47078
684,russellpatrick,Heather Patterson,F,"77277 Cantrell View East Christybury, LA 32841",1996-11-07,40654
685,qcabrera,Shelly Best,M,Unit 7092 Box 6987 DPO AE 09204,2009-01-07,27258
686,felicia71,Sarah Ferguson,M,"76739 Saunders Drives Apt. 371 West Elizabeth, VT 79384",1985-08-03,45015
687,shannon12,Kara Martinez,F,"5599 Thomas Drive Suite 236 Port Corey, NE 53005",1984-08-12,42010
688,jenniferfoster,Lindsay Lynch,M,"1457 Hernandez Lock Suite 857 East John, FL 14485",1971-02-07,43673
689,kathryngray,Mr. Johnny Romero,M,"7085 Ferguson Trafficway Suite 922 Lake Carolinemouth, MO 38861",1995-04-22,37057
690,amandacross,Steven Thompson,M,"81118 Rogers Road Apt. 316 Foxside, OH 72510",2018-12-14,6294
691,susanpayne,Jesse Sanders,F,"4489 Heather Orchard Jakeview, OH 27539",1986-08-11,40780
692,justinsutton,Tabitha Washington,F,"563 Kathy Station Santosburgh, NJ 36001",1994-02-03,24861
693,pgreer,Anthony Henderson,F,"PSC 8910, Box 3193 APO AP 46960",1984-12-25,34839
694,aphillips,Scott Novak,M,"27546 Fields Flat Suite 085 Howardfort, CO 43416",1993-02-08,16678
695,ajackson,Christine Gray,F,"39036 Tanya Run Suite 954 East Connie, RI 21259",1986-11-07,31358
696,allenwhitney,Julia Mccullough,M,"2739 Nash Cove West Julia, VT 19219",2001-12-04,7699
697,molinaderek,Kirsten Mitchell,F,USNS Taylor FPO AA 79133,2016-01-27,48075
698,qmckay,Harry Sanders,F,"7104 Brewer Mission East Kaylashire, CA 41461",2016-06-15,24391
699,bmills,Michelle Johnson,F,"88830 Hernandez Junctions Apt. 909 Weaverborough, FL 49693",1992-12-10,23200
700,bobbyhernandez,Brian Russell,M,"526 Brian Walks Apt. 062 East Anthonyland, MI 52758",1988-01-17,44494
701,ftaylor,Timothy Lewis,F,"5857 April Stream South Stevenland, DC 68408",2018-05-05,14785
702,millerlisa,Emily Cobb,F,"PSC 9745, Box 8808 APO AE 02164",1987-03-28,28742
703,justinsmith,Sarah Jennings,M,"986 Harris Route Apt. 630 New Christine, NE 96915",2005-11-22,39469
704,tiffany51,Susan Smith,F,"67955 Christopher River Suite 244 South Jacqueline, VT 64469",2020-07-25,25944
705,whoward,Robert Serrano,F,"319 Cook Locks Suite 053 Johnfort, HI 13829",1971-01-19,29894
706,baxteranthony,Jessica Smith,F,"202 Karen Parks Susanmouth, MN 14376",1994-11-18,26151
707,brownlaura,Michelle Jones,M,"42088 Lam Skyway Apt. 088 Stephaniebury, UT 38872",2018-11-20,49633
708,everettkelli,Jacob Archer,M,"417 Holly Orchard Apt. 852 Shawnview, OR 53666",2015-01-18,13894
709,brittany27,Morgan Rodriguez,F,"54669 Cooke Roads West Joshua, ME 95434",2012-12-06,23529
710,stevensadam,Timothy Myers,F,"5575 Fowler Via Apt. 687 Pennyton, NM 62233",2012-03-02,9478
711,colton27,Hannah Brown,M,USNS Johnson FPO AE 57550,1975-07-17,20176
712,butlernicole,Jessica Evans,M,"04318 Williams Lane Suite 119 West Troy, WV 24905",1976-05-22,15080
713,marcgross,Karl Phillips,F,"4355 Kenneth Island Suite 933 New Michaelshire, TX 33392",1990-04-20,29426
714,smithhelen,Alexander Henry,F,"260 Green Mountain West Melissa, CT 09940",1993-10-25,27925
715,ngibson,Christopher Lewis III,F,"117 Jackson Isle Apt. 492 Timothychester, MA 38450",2004-12-17,7081
716,dakotaallen,Michael Clark,F,"4768 Kenneth Wall New Brittanyshire, KS 19173",2017-05-02,38949
717,hodgesjeremy,Michele Andrade,F,"93820 Nathaniel Stravenue Suite 698 Jacobmouth, ID 98671",1971-10-13,40575
718,ortizlori,Eric Johnson,F,"PSC 1690, Box 1982 APO AE 46749",2011-12-08,30859
719,johnsonkelsey,Angel Huang,F,"9779 Daniel Plains Leeland, OH 46860",1984-09-17,7768
720,manuellewis,Wesley Mann,F,Unit 8793 Box 6554 DPO AP 93382,1972-05-17,48027
721,owilliams,Stephanie Doyle,M,"0571 Mejia Shore Port Brandy, NY 19360",1975-07-03,23744
722,jenniferdyer,Tiffany Yates,M,"41274 Jimenez Island Apt. 102 East Samuelfort, NJ 44587",1997-03-30,30601
723,jesus16,Sheila Hall,M,"8257 Glenn Plaza Lanceville, OK 13791",1980-06-21,40306
724,kristine09,Katherine Robinson,F,"213 Jonathan Track South Melissachester, OH 31108",1980-01-24,44155
725,gcox,Jason Wood,F,"25093 Megan Run North Curtisberg, CA 66364",1999-11-18,46644
726,michael83,Allison Fleming,M,"8363 Barrett Keys Suite 336 West Gail, CA 79051",2012-06-28,32186
727,xarroyo,Regina Thompson,M,"PSC 7223, Box 7152 APO AE 53751",1980-06-05,48096
728,ihiggins,Amy Stephens,F,USNV Werner FPO AE 38427,2015-11-05,44039
729,johnconley,Carla Jordan,M,"354 Mark Forges Rileymouth, ND 04585",1989-04-16,49587
730,ronaldbarnett,Jeffrey Alvarez,F,"473 Patricia Junction Apt. 537 Curtisburgh, OK 83857",1976-03-05,22221
731,riverajames,Richard Carlson,M,"33003 Jessica Station Suite 376 Lindsayhaven, GA 50944",1970-12-15,20220
732,qnovak,Bryan Hernandez DVM,M,"744 Chavez Junctions Suite 954 Port Katherine, SC 99625",1982-12-30,17903
733,leonkatie,Ann Willis,F,"5628 Jackson Branch Apt. 572 South Andrewberg, SC 32548",2019-07-06,49193
734,vrobertson,Jeffrey Wagner,F,"6607 Donna Shores Suite 888 Port Stevenside, CO 21125",1991-11-09,23887
735,douglasjennings,Samuel Romero,F,"91784 Justin Fort Johnsonberg, ME 99073",1993-07-31,27303
736,bryan84,Laura Nelson,F,"353 Davis Wall Apt. 137 West Andrewport, MA 72102",1991-02-13,13717
737,sandra31,Robert Wells,M,"537 Taylor Curve East Scottport, SC 85106",1972-03-14,40743
738,ehopkins,Sandra Banks,M,"324 Ralph Passage Christyfurt, SD 30873",1990-01-08,42026
739,jenna20,Andrew Reynolds,M,"457 Johnson Rapid Charlesbury, MD 62497",2014-06-24,30901
740,gferguson,Sandra Vaughan,M,"406 Jaime Expressway Suite 024 Kristitown, VT 00837",1970-02-25,20259
741,jenniferkerr,Cynthia Perry,F,"31257 Lopez Glen Rioston, CO 40363",1982-12-14,8114
742,bmurray,Eric Buckley,M,"928 Jeremiah Trace Suite 131 Fergusonshire, VT 10274",2003-04-17,20259
743,crystalharris,Cindy Watson,M,"8889 Serrano Canyon Apt. 157 Wrightside, VT 27543",1980-01-02,9904
744,jeffreyanderson,Alicia Hernandez,F,"360 Lori Lane North Anthony, KY 57087",2011-09-19,31519
745,johnsonmichael,Jill Smith,M,"26768 Meadows Drive Apt. 472 East Howard, WI 19059",1971-08-22,27639
746,bmcguire,Kayla Kelley,M,"PSC 4062, Box 5460 APO AA 14882",1999-03-25,19356
747,reedgabriel,Melissa Landry,F,"2994 Campbell Pine Apt. 551 South Jasonview, NJ 22265",1978-06-29,42572
748,sylviasmith,Robert Peterson,F,"5944 Daniel Mountain New Kevin, NE 99839",1984-06-17,46355
749,bestrada,Angela Walker,F,"87551 Veronica Isle East Elizabethland, ID 02333",1989-07-17,9576
750,fkirby,Ralph Watkins,F,"44879 Michelle Station Port Marktown, NM 55699",2008-08-17,33636
751,evelyn80,Kari Moore,M,"385 Jordan Way Suite 628 West Peter, MS 65697",1970-05-04,45064
752,anthony84,Cody Myers,M,"681 Edwards Harbor Lake Davidport, OK 95539",1997-02-01,12082
753,rcarter,Heidi Bernard,M,"3101 Omar Meadow Suite 790 Romerofort, MI 69271",2002-01-09,9861
754,maria97,Susan Best,F,"PSC 4882, Box 3052 APO AP 89257",1970-08-25,27607
755,wallacejamie,Kevin Preston,F,"74056 Dale Mall East Julie, VT 87551",1994-07-18,32314
756,timothy66,Amanda Williams,F,"1423 Bond Spur East Katie, CO 03506",1970-04-30,26663
757,garywong,Dawn Riley,F,"7198 Zavala Union Apt. 858 North Colleenfort, HI 40064",1980-07-28,30827
758,amy68,Kristine Lopez,M,"7262 Clarke Parks Thomasborough, ID 05325",2018-07-20,30049
759,gatesadrienne,Bruce Martin,M,"929 Sanders Fields Rickmouth, MT 01436",2011-01-27,16181
760,klambert,Alexander Snyder,F,Unit 2608 Box 6079 DPO AA 81596,2012-12-31,11276
761,scampbell,Travis Edwards,F,"027 Nichols Pass Suite 388 Danielton, KS 22677",1985-05-01,23021
762,leealyssa,Crystal Reed,M,"638 Kayla Crescent Chelseaton, KS 85461",1978-03-16,35005
763,xshaw,Taylor Williams,F,"5031 Robin Ports Cruzmouth, WI 58826",1972-04-16,13372
764,pkline,David Mcmillan,M,"6927 Crystal Islands Suite 647 Johnsonland, AK 35273",2009-06-25,32719
765,evansharold,Ryan Hogan,M,"88964 Scott Court East Erintown, RI 24018",1982-12-02,21148
766,laratamara,Jeremy Johnson,M,"10055 Watkins Unions Apt. 877 Margaretview, CO 81953",1977-01-09,8971
767,smeyer,Dana Tran,M,USNV Duran FPO AA 55772,1980-01-08,7915
768,jacksonsharon,Bethany Turner,F,"71879 Wagner Village South Richard, NE 19885",1988-04-14,38186
769,john60,Keith Mahoney,F,"49394 Torres Landing South Teresaport, NM 20756",1988-12-30,39858
770,justincarroll,Christine Tyler,M,"1736 Sanders Tunnel Apt. 388 Jacobborough, AZ 05855",1998-09-01,14565
771,dana55,Curtis Mason,F,"25038 Collins Court East Gregory, NE 95305",1975-02-13,9150
772,tiffanyanderson,Debra Thompson,M,"231 Underwood Springs North Tracifort, WA 42336",2015-07-21,11543
773,shannon87,Tyler Torres,M,"972 Wright Alley Apt. 312 Lyonsfurt, AR 97302",1972-10-27,26697
774,kurt37,Luke Proctor,M,"0371 Alex Gardens Apt. 020 South Sarahville, NV 51082",1998-03-04,33850
775,espinozakarl,Michael Mills,F,"644 Robin Corner New Ninaview, TX 09831",1988-04-16,15692
776,ccurtis,Amanda Alvarez MD,F,"8087 Christina Radial Apt. 477 Melaniemouth, MA 52935",1990-11-09,46335
777,egalloway,Kathryn Foster,M,"897 Long Stravenue Michaelchester, GA 38258",2008-12-12,9170
778,aguilarterri,Jason Lawrence,M,"756 Russell Parks West Emily, CT 57113",2013-12-31,11146
779,hortonjennifer,James Smith,M,"63655 Patricia Wells Reeseburgh, VT 58071",1981-10-25,48593
780,richardsonsusan,Sydney Edwards,F,"858 Natalie Turnpike Suite 508 South Kathy, MA 59164",1979-01-01,43845
781,elizabeth48,Claudia Cross,F,"225 Felicia Dam North Karl, VA 52646",1980-02-11,18316
782,thomaselizabeth,Luke Lang,F,"58670 Little Pines Cathystad, WA 22933",1972-09-12,29359
783,bmacdonald,Mark Clark,F,"2267 Rachel Mountain Apt. 210 West Courtneyside, MO 92240",2011-10-21,31652
784,mayvictor,Glenn Benitez,M,"2748 Patrick Ports Suite 848 Ryanview, IA 68071",1988-07-07,23981
785,dukeheidi,Lisa Vincent,F,"0189 Luis Junctions Marissaside, IA 78730",1981-08-16,9783
786,andrewsgregory,Shannon Galloway,F,"8680 Ellen Ford Apt. 640 Hernandezport, ID 99141",2018-11-13,23320
787,fstokes,Henry Benson,F,"252 Tara Flat Suite 970 Port Christybury, GA 82430",2013-07-06,21049
788,nicholas14,Jessica Adams,M,"19057 Anderson Path Port Michael, TN 70081",1971-01-17,6622
789,mendezdavid,Kimberly Mills,M,"81234 Thomas Alley Apt. 051 West Tracyshire, MT 55510",1974-05-30,15257
790,kedwards,Laura Miller,M,"016 Jeremy Junction Apt. 151 Saraberg, AR 44524",1974-09-23,22374
791,melissahartman,Joseph Cox,F,"3624 Johnson Highway Suite 932 Logantown, UT 42390",1972-12-17,40436
792,ryanmartinez,John Davis,F,"090 Danielle Viaduct Apt. 633 Spencerview, AK 08038",2012-07-07,24107
793,tamaragreen,Tonya Rogers,M,"508 Paula Junctions South Dean, RI 41002",1985-06-06,40228
794,lloydrobert,Nathan Estes,F,"60932 Santos Vista Lake Lisastad, OH 34312",1975-03-02,24363
795,josesolis,Mary Mcdonald,M,"36346 Hall Villages Lake Daniel, LA 23169",2000-06-29,34257
796,bergerlisa,Scott Perez,M,"65219 Robert Trace Port Kristina, NJ 93402",2009-05-04,47184
797,piercejoe,Dana Black,F,"75241 Zachary Common Mcleanfurt, MA 58447",1989-07-28,26669
798,briggschristopher,Paul Bradshaw,F,"382 Gentry Road Andreaburgh, CA 50622",1973-05-23,38683
799,rossjessica,Jack Welch,M,"7303 Oconnell Circle Apt. 342 South Ryan, OK 40361",2014-03-20,10040
800,karenevans,Sara Martinez,F,"380 Dunn Park Apt. 762 South Belindashire, WY 20266",2000-04-05,16559
801,jennifer83,Luis Murphy,F,"0719 Stacey Overpass East Christopherborough, MI 10072",1976-05-05,43374
802,kathy44,Samuel Thomas,F,"2885 Mercado Vista Apt. 350 Lake Aaron, FL 87045",1978-01-16,14919
803,pbentley,Michael Marks,M,"25115 Kelly Path West Christinefurt, LA 11654",2012-07-20,39718
804,george91,Melody Davenport,M,"302 Pham Camp Wallacehaven, GA 41478",2018-12-18,44937
805,ashleybrown,Diana Leon,F,"5410 Reynolds Square New Theresa, IL 30935",1994-02-11,48497
806,sking,Vanessa Ellis,M,"771 Kelly Road Amandaville, WA 33135",2010-02-14,14775
807,roberthoover,Tina Mann,F,"70854 Stephen Coves Chloefort, LA 97988",2006-11-02,21055
808,annette72,Paige Smith,M,"95503 Case Hills Robinsonbury, IA 64009",1977-08-30,35173
809,lindachristian,Shane Gray,F,"962 Sheila Glen Apt. 932 Franklinburgh, WV 99644",2010-11-08,28699
810,ricemichael,Raymond Smith,F,"068 Courtney Locks North Robert, SD 29308",2015-05-01,45001
811,reynoldsjamie,Theresa Brown,F,"246 Palmer Meadow Suite 255 Teresastad, DE 95298",2002-02-14,12802
812,lisa90,Joshua Parsons,F,"39368 Alexander Wells West Matthewbury, CO 41253",1970-11-30,14039
813,imorgan,Elizabeth Martin,F,"089 Diaz Village Greenton, FL 88178",1976-05-03,22083
814,emonroe,Dana Williams,F,"06952 Don Fields Devinville, MT 05873",1988-05-07,36095
815,seanhamilton,Aaron Schultz,M,"59695 Erik Mission Apt. 595 Patrickton, NM 96446",1993-01-29,46604
816,jthomas,Jonathan Edwards PhD,M,"53183 Anthony Green Lake Michaelborough, DC 50932",2001-07-11,32352
817,gjohnson,Christopher Roth,F,"801 Amanda Road Apt. 154 Danafort, MD 30923",1981-11-07,32661
818,john70,Bradley Hanson,F,"1814 Lewis Row New Kristieview, CT 33204",2018-01-22,45177
819,jessica92,Keith Parker,F,"826 Doyle Extension Stoneberg, VT 49098",2005-01-15,43280
820,michaelfuller,Steven Mcclain,M,"442 Eric Bypass Apt. 092 New Brianaport, NM 13953",2006-07-26,27378
821,stacyrodriguez,Thomas Howell,F,"088 Paula Mill West John, NJ 79363",1989-06-15,37160
822,cynthiaadams,Andres Johnson,M,"3752 Lee Forges Suite 466 Woodsview, RI 59240",2002-06-17,48206
823,michaelryan,Jeffrey Mercer,F,"6730 Hughes Pike Apt. 341 Kimberlyhaven, NC 44061",1999-09-05,47642
824,mary62,Mary Diaz,M,Unit 5964 Box 4320 DPO AP 20490,1993-05-31,28055
825,carlosbrown,Daniel Keller MD,F,"0432 Johnson Islands Adamhaven, CT 74325",1997-10-22,30468
826,jamiejimenez,Robert Romero,F,"PSC 7072, Box 8226 APO AE 92572",1970-05-18,33349
827,drakesherry,Mr. Adam Robinson,F,"1744 Espinoza Land Suite 349 South Michele, DC 26426",1998-02-11,7177
828,ehammond,Shannon Tucker,F,"97078 Katherine Lakes North Juan, KS 98203",1982-04-24,38211
829,ewilliams,James Welch,M,"8411 Morales Mission Suite 290 East Katherine, MD 64381",1976-07-04,37216
830,wardsavannah,Brian Lowery,M,"347 Charles Heights Suite 633 Yeseniafurt, CA 58065",2012-03-13,31127
831,obrienmegan,Carrie Graham,M,"19720 Alyssa Circle Jodyborough, IN 52889",1972-02-27,30650
832,elijah80,Angel Hale,M,"748 Cynthia Junctions West Michaelview, MS 97452",1994-02-19,31176
833,murrayjonathan,Christopher Richardson,M,USNV Williams FPO AA 44584,2001-01-08,22317
834,jamesbauer,Ivan Pratt,M,"722 Pamela Turnpike Lake Charles, WA 15602",1978-10-16,33171
835,jerry74,Holly Reese,M,"473 Holly Hills North Marie, NE 06182",2006-08-24,40755
836,herringmelissa,Eric Rivera Jr.,M,"40867 May Cliff Apt. 225 South Jasmine, MA 67170",1996-04-08,18114
837,cherylrodriguez,Ryan Robertson,M,"7001 Anthony Inlet Suite 524 South Nancytown, IN 99081",1986-01-10,25850
838,jonathanhobbs,Jessica Boyd,F,"44264 Jones Stravenue Suite 128 North Johnland, AR 66225",2002-08-16,15658
839,fhess,Chad Miller,M,"0890 Lopez Ridges Suite 338 Petertown, AR 86698",2005-03-20,18437
840,cynthiajenkins,Caroline Ramos,F,"824 David Garden Suite 647 East William, FL 03918",1992-11-12,21846
841,james50,Daryl Hall,F,"7870 Sonya Harbors Apt. 588 Annetteborough, DC 90681",2013-05-10,38200
842,david68,Tamara Ryan,F,"4742 Collins Mill Suite 345 Kathleenburgh, WV 79027",2001-09-06,49517
843,singhbrittney,Dr. Bonnie Moore,F,"90329 Riley Summit Lake Michaelview, VA 40964",1970-05-14,9688
844,paul95,Kimberly Smith,F,"5153 Howe Hollow Apt. 653 Bakerport, VT 87893",1978-08-21,15625
845,david26,Brandi Estrada,M,"56441 Hudson Mountains Suite 644 West Brandon, RI 40047",1983-04-07,24768
846,alyssaromero,Robert Hernandez,M,"6854 Conner Corners Suite 658 New Lisa, IL 68092",2015-07-02,37433
847,sullivancory,David Evans,M,"58251 Sanders Ranch Jamestown, MI 84863",2015-01-13,20738
848,dillonclayton,Morgan Turner,F,"88519 Mary Mountain Suite 421 South Austinberg, GA 82878",1994-12-04,19864
849,megan75,Kimberly Benton,M,"9802 Simpson Loaf Apt. 208 South Edwardburgh, WI 96918",1978-11-24,23248
850,jeffreywells,Brittany Solis,F,USS Johnson FPO AA 12284,2014-02-12,23199
851,nholmes,Sarah Rodriguez,M,"96877 Martinez Plains Jessicaview, AK 00653",2010-06-23,20417
852,youngstephanie,Sandra Hinton,F,"562 Cisneros Cape Suite 971 Greerton, WV 58027",2003-08-09,16934
853,obrown,David Dixon,M,"770 Steven Highway Theresaborough, CA 01930",1987-10-28,14482
854,elucas,Steven Ward,M,"17742 Heather Canyon Suite 870 Port Sarah, MA 76708",1986-01-02,12029
855,dbrown,Jeffrey Miller,M,USS Webb FPO AA 62159,2008-12-24,17646
856,jsmith,Briana Daugherty,M,"3876 Toni View Garciabury, ME 71115",2013-03-15,41757
857,robert03,Aaron Waters,M,"16932 Velasquez Courts Apt. 208 Cheyennemouth, OR 49963",1999-02-13,17875
858,ymurphy,Francisco Townsend,F,"815 Stephanie Villages Suite 190 Port Leahton, NV 84047",1999-07-10,26332
859,josephcraig,Shannon Underwood,M,"107 Stanley Gateway Colinmouth, GA 28829",2001-07-13,34281
860,rebeccamonroe,Diane Garza,F,"43132 Jill Crossroad Suite 533 Lake Jessicastad, OH 09678",2019-11-29,33703
861,caseychristina,Marissa Carson,F,"34234 Kevin Motorway Apt. 139 Whiteshire, OH 33174",2013-11-21,12292
862,henryjohnathan,Ryan Moore,M,"21012 Rachel Estates Suite 615 Danielton, RI 12623",2007-09-01,49046
863,iglenn,Ariana Jones,F,"46406 Jackson Manors Barnettbury, AZ 61345",1996-08-13,9090
864,qcollier,Mary Martin,M,"162 Moore Ports Apt. 807 Mercedesstad, ND 11224",1976-01-23,8359
865,pgoodwin,Mr. David Parker,F,"5125 Hogan Station Boylefort, MA 55135",2015-05-30,17444
866,peterspaul,Jessica Cowan,F,"08193 Sanchez Causeway Snowmouth, WA 91768",1981-12-31,11802
867,matthew46,Monique Shaw,F,"27358 Jonathan Tunnel Suite 152 Port Theresa, AL 21461",1972-05-16,46833
868,igonzalez,Ryan Robles,M,"38392 Kevin Overpass Suite 038 Moyerbury, ND 45994",2007-12-20,6739
869,katherine31,Arthur Jackson,F,"389 Pamela Shoal West Jeffrey, MD 78202",1986-05-28,41388
870,cmcneil,Megan White,M,"65845 White Parks East Nancystad, AZ 81356",1985-06-13,31526
871,robertogarrison,Melody Huffman,M,"9092 Miller Valley Sethberg, MT 03417",2016-11-13,39513
872,randallanderson,Heather Ballard,F,"8595 Taylor Path Suite 695 Francismouth, OH 27610",2003-02-08,19988
873,maciasbrooke,Stephen Smith,M,"5362 Petersen Port Cookport, WI 57976",1998-04-27,39918
874,april81,Tyler Olson,M,"1246 Sherri Valleys Foxtown, NC 94951",2001-06-03,35853
875,haleyrandall,Victoria Palmer,F,"15243 Antonio Ford Suite 010 East Soniastad, WV 71250",1990-02-04,47025
876,karen86,Sonya Herrera,F,"305 Nicole Vista West Patricia, NJ 58576",1980-04-13,11884
877,navila,David Suarez,F,"24570 Black Valley Hortonmouth, WA 14519",1977-12-30,44741
878,velasquezamber,Jonathan Patterson,M,"624 Valerie Mill Suite 896 Davidburgh, NV 20496",1972-05-30,17202
879,umejia,Krystal Reilly,F,"5723 Bryan Mews Port Karen, MT 02176",2014-02-01,31021
880,aaronporter,Cory Kidd,M,"7614 Diana Roads Apt. 301 East Marissa, HI 97009",1982-04-14,38517
881,gregorymcclain,Meghan Shaw,F,"382 Lisa Cliff Port Donna, CT 66383",1988-05-03,41821
882,theodore47,Mrs. Angela Anderson DVM,F,"862 Brooks Rue Apt. 798 East Meaganton, IA 77948",1979-09-21,21664
883,ehernandez,John Lynch,M,"105 John Villages Apt. 552 Davistown, MN 90485",1977-10-20,7064
884,ycontreras,Vicki Jackson,M,"5045 Strong Mission Christophermouth, OK 32308",1975-06-12,11612
885,cameronbailey,Megan Cooper,F,"2022 Charles Forges Apt. 878 Riveraberg, SD 71417",1991-11-04,37181
886,amandabanks,Stephanie Mclaughlin,F,"0657 Stephenson Overpass Apt. 625 Cannonfort, IL 91767",1987-01-09,35690
887,mary70,Cindy Figueroa,F,"00816 Riley Extension Garyfurt, OK 40905",1986-05-11,7185
888,butlerchristopher,Timothy Sandoval,M,"PSC 3039, Box 6068 APO AE 31371",2018-08-24,24112
889,jasonlang,Sydney Poole,F,"166 Michael Lakes Suite 730 Danielfurt, IN 59260",2003-10-29,28118
890,jessecollins,Melissa Jones,F,"26052 Calvin Stream Bondberg, AR 24958",1974-06-01,24310
891,maryrivera,Robert Barrett,F,"16624 Jones Estate West Leslie, UT 23234",1997-03-25,34573
892,davidguzman,Matthew Dean,F,"2636 Mary Villages Suite 676 Douglasfort, MA 29473",2018-12-05,37788
893,kbraun,Brian Peters,M,"235 Davidson Manor Suite 592 South Andreahaven, ND 66016",1995-09-03,28417
894,qboyd,Stephen Jones,F,"1281 Monica Flat Suite 090 Patelport, MO 79313",1971-11-05,21012
895,hendrixmary,Teresa Knight,M,Unit 8417 Box 3469 DPO AA 35607,2006-08-11,7677
896,youngpeter,Michael Mcdonald,M,USCGC Cochran FPO AP 38337,2010-09-11,7292
897,ricky85,Jennifer Miller,F,"6775 Vazquez Forest Port Richard, CA 83000",2016-10-12,18170
898,deborahwerner,Frank Chavez,F,"1660 Sarah River North Jake, VT 38192",1982-07-30,35426
899,gina46,Kimberly Frazier,F,USCGC Rojas FPO AE 57896,2013-10-05,45983
900,nicholsonbrenda,Cameron Cook,M,"964 Stewart Lakes Jasontown, KY 93168",1994-03-06,39958
901,rbrooks,Curtis Ray,M,"4313 Mary Square South Kristina, AZ 51045",2000-01-10,41097
902,david42,Ashley Hamilton,F,Unit 6664 Box 9785 DPO AE 18264,2003-11-15,15378
903,ryan37,Martin Smith,M,"2625 Holmes Rapid Apt. 750 West Lindaville, TX 23200",1980-04-14,44886
904,harringtonangela,Jeffrey Scott,F,"8617 Thompson Inlet Barnettton, HI 37985",1997-01-21,46656
905,fgolden,Benjamin Medina,M,"747 Kelly Curve Draketown, NM 07524",2016-09-06,8588
906,paula90,Spencer Rodriguez,F,"08060 Rivera Greens Santostown, MA 22728",1984-09-17,14034
907,gerald08,Beth Garner,M,"8827 Conner Passage East Elizabethfurt, LA 85104",1979-09-28,14916
908,yrodriguez,Randy Carroll,F,"5244 Catherine Spur Suite 505 Kathleenfurt, NV 90939",1974-07-28,40083
909,jenniferroy,Amanda Edwards,M,"742 Bradford Dam Garyfurt, ME 11562",1989-05-24,33531
910,barbaradavis,Danielle Allen,M,"873 Walsh Well West Crystalmouth, AR 50891",1988-08-06,19199
911,dunnrebekah,Vincent Smith,F,"PSC 5145, Box 6407 APO AP 38610",1971-07-26,10901
912,scott13,Tabitha Smith,M,"6418 Jacob Isle Lake Jackview, SC 19315",2014-05-12,20634
913,jeffmiller,Diana White,M,"5830 Smith Club Apt. 833 North Shannon, CA 72994",1991-09-02,44794
914,ddavis,Robert Johnston,M,"113 Christina Villages South Anna, NE 14589",2005-08-17,46974
915,andersonrichard,Tara Mooney,M,"76752 Robertson Villages Apt. 423 Staceybury, FL 62348",2017-02-16,27529
916,jasmine55,Regina Gomez,M,"2523 Walters Shoals Suite 291 Dustinland, GA 57528",2012-02-09,25186
917,cjames,Amanda Romero,M,"255 Robert Run Suite 411 North Heatherberg, NY 56303",1991-12-22,23449
918,lewisjames,Crystal Parker,F,"452 Cooper Point South Mary, SD 48771",1980-04-22,25088
919,jacksonvirginia,Wanda Gonzales,F,"95734 Jennifer Meadow Garcialand, CA 98846",2015-08-07,8064
920,caldwelllisa,Kimberly Reyes,M,"70793 Anna Tunnel Suite 295 South Sarahtown, NV 55550",1990-06-13,8864
921,ljones,Brooke Johnson,F,"48190 Thomas Prairie Apt. 781 South Richard, CO 12453",2002-06-22,21483
922,wendy12,Austin Duncan,F,"0712 Carlson Bridge Apt. 895 South Theresaborough, NH 82121",1978-12-21,17922
923,sandra19,Mr. Jose Garza,M,"2801 Jonathan Centers Apt. 365 North Ianfort, SC 61629",1991-10-24,10003
924,jonathan24,Judy Martinez,F,"079 Michael View South Lisa, KY 66487",1993-08-13,23832
925,rossbarrett,Alexander Walker,F,"8968 Shepherd Courts Suite 974 Hernandezside, MI 84764",1994-05-24,24709
926,garylopez,Ethan Garcia,F,"39627 Catherine Cove Apt. 045 Hallside, CT 13846",1999-06-29,20685
927,jacksonamy,Evan Wright,M,"4015 Ryan Fork Suite 714 Port Heathertown, WV 98944",1977-09-08,42698
928,bsmall,Joseph Andrews,M,"932 Perez Glens New Davidstad, FL 86083",2009-04-21,42696
929,kellymichael,Emily Baker,M,"4425 Alyssa Village Apt. 898 Port Daltonmouth, ME 20187",1972-01-26,49856
930,collinstimothy,Nathaniel Walker,F,"59944 Kaufman Spring Suite 726 South Jillian, OK 77080",2002-06-01,6922
931,colonluis,Elizabeth Watson,F,"195 Sosa Flats Andrewmouth, ND 96085",1971-10-20,22975
932,margaretjackson,Marcus Smith,M,"908 Cunningham Extension Apt. 913 Lake Jennifer, UT 12196",1970-08-14,35636
933,thompsonjoanne,Dwayne Gonzalez,F,"6371 Barrera Prairie Apt. 156 Taylorview, WV 56335",1974-01-09,12780
934,rodriguezbobby,James Harrington,M,"4518 James Islands Port Codyburgh, DC 50626",1992-07-30,25040
935,cynthia66,Dr. Lauren Johnson MD,M,"45049 Todd Dam Lake Mary, KY 47586",2003-05-01,42000
936,christina47,Steven Martin,M,"161 Cohen Vista Bowenberg, MA 87182",1979-06-26,22461
937,burgessanthony,John Griffin,F,"20387 Ware Mountain Apt. 608 Gonzalezport, ME 90326",1979-12-16,6726
938,joshuasimmons,Ryan Walton,F,"75341 Hernandez Glen Apt. 348 South Karenview, NV 96509",2007-05-05,45224
939,ycolon,Dorothy Decker,F,USNV Wilkins FPO AP 34756,2015-07-03,12596
940,murrayjennifer,Colleen Bates,M,USS Guzman FPO AP 78344,2014-06-20,30541
941,hendrixkaren,Alexandria Jones,M,"6571 Michelle Circle Apt. 994 Shaunstad, KS 59540",1980-12-11,49381
942,lisamckee,Judy Ortega,M,"616 George Route Apt. 066 Hudsonshire, OH 96652",1982-02-06,43429
943,ymcdowell,Felicia Singh,F,"071 Jeremy Lock Suite 811 West Tracyview, MT 91531",2011-02-12,47753
944,sbarnes,Jennifer Simon,F,"608 Melanie Tunnel Ginaland, VA 44673",1972-11-01,14766
945,devonsoto,Mark Munoz,M,"7572 Christine Island Suite 937 Smithbury, HI 92504",1979-02-28,35332
946,boylejustin,Kenneth Rodgers,F,"226 Whitney Village Nicolebury, AZ 34845",2017-03-05,48152
947,wilsongreg,Samuel Cooper MD,M,"16510 Mccoy Greens North Sheilaburgh, MA 52142",1992-07-16,10493
948,lpitts,Jennifer Smith,M,"098 Leon Crest East Victoria, NE 86839",1982-08-26,14016
949,zparker,Daniel Mcmahon,M,"9371 Allen Hollow Apt. 863 Evansfort, MI 51373",1984-05-05,11315
950,bowenmatthew,Tamara Medina,F,"PSC 6857, Box 0657 APO AE 52338",1978-07-31,8039
951,sarah46,John Brown,F,"PSC 7827, Box 7860 APO AE 92662",1992-12-04,42097
952,bradley28,Bradley Wright,F,"79925 Lane Port Lake Valeriefurt, OK 58567",1977-10-09,31644
953,steven60,Douglas Carr,F,"49770 Antonio Fort Mejiaton, DC 55100",1987-10-28,10090
954,curryjeremy,Dr. Michael Carson,M,"5980 Misty Inlet Josephborough, MN 08805",2011-08-07,33155
955,vtucker,Sean Brown,M,"06186 Stone Spurs Apt. 451 Hendersonmouth, MT 15327",2001-10-06,19873
956,peterlee,Rachel Jones,F,"59051 Sandra Forges Apt. 986 Danielleport, KY 34334",1978-03-28,38781
957,drewmills,Kristie Harris,M,"2568 Margaret Locks Suite 931 West Stephanie, FL 65650",1983-04-12,22380
958,karawilliams,Erika Sullivan,F,"285 James Tunnel West Lindastad, GA 16095",2009-08-14,38248
959,georgehobbs,Sonya Woodward,M,"368 Smith Crescent Nicholsmouth, GA 50074",2005-02-03,37695
960,kimberly25,Katrina Ingram DDS,F,"651 Montgomery Lakes Apt. 380 Vanessachester, AZ 56794",1990-07-23,10372
961,westricky,Arthur Charles,M,"18204 Clifford Light North Kevin, GA 64478",1979-10-15,11898
962,sanchezjacqueline,Christopher Ramirez,F,"968 Suarez Locks Johnfurt, NM 41066",1984-09-11,17648
963,xmartinez,Vanessa Brown,F,"6844 Michael Glens Apt. 088 South Yvonneville, KY 70461",2001-04-17,13703
964,jacqueline00,Ryan Hurst,F,"14774 Brooks Ridges Suite 523 Sarahstad, TX 90631",1972-04-01,22608
965,rachelburton,Elizabeth Conner,M,"508 Heather Drive Haroldborough, MS 40305",2019-05-15,28658
966,aaron34,Lori Smith,M,"4615 Clark Square West Joseph, OK 61266",1982-06-19,26664
967,ywilson,Thomas Morris,M,"PSC 3502, Box 0294 APO AP 81284",1987-10-23,49582
968,jacksonmeagan,Jacob Mullins,M,"3693 Christina Landing Patrickmouth, TX 30992",1986-04-23,13048
969,ebarajas,Hannah Gibson,F,"743 May Forges Apt. 232 New Nancyland, NY 65363",2015-01-03,19210
970,larsonjennifer,Jennifer Robinson,M,"290 Karen Square Suite 309 Bowenfurt, AK 58959",2013-06-05,16709
971,timothy90,Mary Krueger,F,"16491 Carey View Port Ronald, OK 83320",1971-07-12,12347
972,hogandonna,Omar Ingram,M,"674 Shawn Key Suite 258 Sandrahaven, WI 56485",2004-03-01,33389
973,wandadaniels,Joseph Baird,M,"691 Murphy Overpass Petershire, PA 79936",1997-11-13,12430
974,hardingcandace,Kyle Roberson,M,"23158 Clark Courts Apt. 416 Andersonview, CA 77662",2002-03-12,27085
975,crossjoseph,Sandra Martinez,M,"18954 Frye Gardens Apt. 519 Lake Jasonland, MT 70495",1980-07-25,25051
976,danieljohn,Lori Christensen,F,"2461 Smith Street East Andrea, OH 69170",1980-10-22,33593
977,brendan32,Wayne Lyons,F,"96291 Mark Mountains Port Bryanville, KY 11723",1972-08-17,13014
978,curtishoward,Jesse Barnes,M,"054 Navarro Walks Apt. 205 Clarkland, SC 12183",1989-10-05,31024
979,kevinmeadows,Nicole Santana,M,"8546 Mary Flats Apt. 437 Hendersonview, HI 01950",1975-02-14,26394
980,carla97,Amber Crawford,F,"300 Villanueva Rapids Suite 632 North Amyborough, MS 98166",2013-01-15,35673
981,candiceburns,Lisa Davila,F,"9602 Amanda Spring Suite 938 Robertberg, MT 34058",1984-01-11,40370
982,knappbrianna,Jason Lopez,M,"3591 Gregory Pine Dwaynestad, HI 92933",2010-06-25,21894
983,kristenlindsey,Jennifer Flores,F,"PSC 4632, Box 9425 APO AA 28997",2016-08-26,35232
984,daniel10,Michael Gardner,F,"76100 Serrano Burg Suite 822 Rileyfurt, NE 10550",2009-01-01,16855
985,kathleencarter,Jonathan Jones,M,"76879 Mccall Locks Suite 509 Brittanyside, NV 78921",1996-08-26,13582
986,richardsonkathy,Debra Tate,F,"360 William Common Suite 238 East Scott, MS 12115",2005-07-05,48590
987,ywilliams,Diana Glass,F,"86597 Golden Glens Apt. 466 Sharpchester, WA 14755",2010-05-04,29523
988,richard67,Luis Wyatt,M,"15746 Moran Cape Mendezfort, WY 80363",1973-07-28,35863
989,sgutierrez,Megan Foster,M,"387 Caleb Underpass New Ernest, NJ 23521",2003-03-15,7763
990,sherylrogers,Kevin Lane,M,"5467 Villarreal Falls Apt. 310 Wilsontown, TN 08446",1986-10-31,25230
991,gtaylor,Sarah Williams,M,"99344 Watson Lane Suite 003 New Alison, CT 55548",1974-10-06,46013
992,collinskimberly,Trevor Hall,F,"4628 Haley Cape Suite 940 Kevinport, TX 46789",1998-01-10,11418
993,kford,Jamie Andrade,M,"080 Victoria Highway East Tina, NC 78022",2014-02-09,45029
994,annette99,Anne Rodriguez,F,"1537 Paige Glens Morenoville, DE 93803",1973-12-31,39628
995,heather77,Kathy Hughes,F,"9658 Christopher Station North Frances, MA 13969",1977-06-28,46112
996,martineztimothy,Abigail Brown,M,"11879 Hamilton Crossroad Christopherfort, VT 65400",2002-11-18,34348
997,jblair,Patrick Conner,F,"774 Walker Ridges Apt. 093 North Lisa, WV 31190",1989-01-21,13361
998,kevinpotter,Angela Leonard,F,"2980 Monica Isle Ayalaport, PA 21396",1977-12-06,40731
999,brownlinda,Stephen Wheeler,F,"3903 Zuniga Grove Apt. 353 Port Jeffery, KY 02509",2005-10-12,18032
1000,ideleon,Donna Norris,M,"8875 Hale Parkways Suite 617 New Carlos, IN 22951",2009-08-14,45283
